2025-09-11 14:03:36,030 - INFO - 🚀 Fixed Migration Manager
2025-09-11 14:03:36,030 - INFO - ============================================================
2025-09-11 14:03:36,031 - INFO - 🔧 Fixing migration schema...
2025-09-11 14:03:36,045 - INFO - ✅ Schema fixed with new table structure
2025-09-11 14:03:36,054 - INFO - 🚀 Starting fixed migration with deduplication...
2025-09-11 14:05:14,441 - INFO - Total records to process: 515,919,464
2025-09-11 14:05:14,442 - INFO - Resuming from rowid: 0
2025-09-11 14:05:14,442 - ERROR - Migration error: no such table: bookmakers_lookup
2025-09-11 14:05:15,442 - ERROR - Migration error: no such table: bookmakers_lookup
2025-09-11 14:05:16,443 - ERROR - Migration error: no such table: bookmakers_lookup
2025-09-11 14:05:17,443 - ERROR - Migration error: no such table: bookmakers_lookup
2025-09-11 14:05:18,443 - ERROR - Migration error: no such table: bookmakers_lookup
2025-09-11 14:05:19,444 - ERROR - Migration error: no such table: bookmakers_lookup
2025-09-11 14:05:20,445 - ERROR - Migration error: no such table: bookmakers_lookup
2025-09-11 14:05:21,445 - ERROR - Migration error: no such table: bookmakers_lookup
2025-09-11 14:05:22,446 - ERROR - Migration error: no such table: bookmakers_lookup
2025-09-11 14:05:23,446 - ERROR - Migration error: no such table: bookmakers_lookup
2025-09-11 14:05:24,447 - ERROR - Migration error: no such table: bookmakers_lookup
2025-09-11 14:05:25,447 - ERROR - Migration error: no such table: bookmakers_lookup
2025-09-11 14:05:26,448 - ERROR - Migration error: no such table: bookmakers_lookup
2025-09-11 14:05:27,448 - ERROR - Migration error: no such table: bookmakers_lookup
2025-09-11 14:05:28,449 - ERROR - Migration error: no such table: bookmakers_lookup
2025-09-11 14:05:29,449 - ERROR - Migration error: no such table: bookmakers_lookup
2025-09-11 14:05:30,450 - ERROR - Migration error: no such table: bookmakers_lookup
2025-09-11 14:05:31,450 - ERROR - Migration error: no such table: bookmakers_lookup
2025-09-11 14:05:32,451 - ERROR - Migration error: no such table: bookmakers_lookup
2025-09-11 14:05:33,451 - ERROR - Migration error: no such table: bookmakers_lookup
2025-09-11 14:05:34,451 - ERROR - Migration error: no such table: bookmakers_lookup
2025-09-11 14:05:35,452 - ERROR - Migration error: no such table: bookmakers_lookup
2025-09-11 14:05:36,453 - ERROR - Migration error: no such table: bookmakers_lookup
2025-09-11 14:05:37,454 - ERROR - Migration error: no such table: bookmakers_lookup
2025-09-11 14:05:38,454 - ERROR - Migration error: no such table: bookmakers_lookup
2025-09-11 14:05:39,455 - ERROR - Migration error: no such table: bookmakers_lookup
2025-09-11 14:05:40,455 - ERROR - Migration error: no such table: bookmakers_lookup
2025-09-11 14:05:41,456 - ERROR - Migration error: no such table: bookmakers_lookup
2025-09-11 14:05:42,457 - ERROR - Migration error: no such table: bookmakers_lookup
2025-09-11 14:05:43,458 - ERROR - Migration error: no such table: bookmakers_lookup
2025-09-11 14:05:44,458 - ERROR - Migration error: no such table: bookmakers_lookup
2025-09-11 14:05:45,458 - ERROR - Migration error: no such table: bookmakers_lookup
2025-09-11 14:05:46,459 - ERROR - Migration error: no such table: bookmakers_lookup
2025-09-11 14:05:47,460 - ERROR - Migration error: no such table: bookmakers_lookup
2025-09-11 14:05:48,460 - ERROR - Migration error: no such table: bookmakers_lookup
2025-09-11 14:05:49,461 - ERROR - Migration error: no such table: bookmakers_lookup
2025-09-11 14:05:50,461 - ERROR - Migration error: no such table: bookmakers_lookup
2025-09-11 14:05:51,462 - ERROR - Migration error: no such table: bookmakers_lookup
2025-09-11 14:05:52,462 - ERROR - Migration error: no such table: bookmakers_lookup
2025-09-11 14:05:53,463 - ERROR - Migration error: no such table: bookmakers_lookup
2025-09-11 14:05:54,464 - ERROR - Migration error: no such table: bookmakers_lookup
2025-09-11 14:05:55,465 - ERROR - Migration error: no such table: bookmakers_lookup
2025-09-11 14:05:56,465 - ERROR - Migration error: no such table: bookmakers_lookup
2025-09-11 14:05:57,466 - ERROR - Migration error: no such table: bookmakers_lookup
2025-09-11 14:05:58,466 - ERROR - Migration error: no such table: bookmakers_lookup
2025-09-11 14:05:59,467 - ERROR - Migration error: no such table: bookmakers_lookup
2025-09-11 14:06:00,467 - ERROR - Migration error: no such table: bookmakers_lookup
2025-09-11 14:06:01,468 - ERROR - Migration error: no such table: bookmakers_lookup
2025-09-11 14:06:02,468 - ERROR - Migration error: no such table: bookmakers_lookup
2025-09-11 14:06:03,469 - ERROR - Migration error: no such table: bookmakers_lookup
2025-09-11 14:06:04,470 - ERROR - Migration error: no such table: bookmakers_lookup
2025-09-11 14:06:05,470 - ERROR - Migration error: no such table: bookmakers_lookup
2025-09-11 14:06:06,471 - ERROR - Migration error: no such table: bookmakers_lookup
2025-09-11 14:06:07,472 - ERROR - Migration error: no such table: bookmakers_lookup
2025-09-11 14:06:08,472 - ERROR - Migration error: no such table: bookmakers_lookup
2025-09-11 14:06:09,473 - ERROR - Migration error: no such table: bookmakers_lookup
2025-09-11 14:06:10,473 - ERROR - Migration error: no such table: bookmakers_lookup
2025-09-11 14:06:11,474 - ERROR - Migration error: no such table: bookmakers_lookup
2025-09-11 14:06:12,475 - ERROR - Migration error: no such table: bookmakers_lookup
2025-09-11 14:06:13,475 - ERROR - Migration error: no such table: bookmakers_lookup
2025-09-11 14:06:14,476 - ERROR - Migration error: no such table: bookmakers_lookup
2025-09-11 14:06:15,477 - ERROR - Migration error: no such table: bookmakers_lookup
2025-09-11 14:06:16,477 - ERROR - Migration error: no such table: bookmakers_lookup
2025-09-11 14:06:17,478 - ERROR - Migration error: no such table: bookmakers_lookup
2025-09-11 14:06:18,479 - ERROR - Migration error: no such table: bookmakers_lookup
2025-09-11 14:06:19,479 - ERROR - Migration error: no such table: bookmakers_lookup
2025-09-11 14:06:20,479 - ERROR - Migration error: no such table: bookmakers_lookup
2025-09-11 14:06:21,480 - ERROR - Migration error: no such table: bookmakers_lookup
2025-09-11 14:06:22,480 - ERROR - Migration error: no such table: bookmakers_lookup
2025-09-11 14:06:23,481 - ERROR - Migration error: no such table: bookmakers_lookup
2025-09-11 14:06:24,481 - ERROR - Migration error: no such table: bookmakers_lookup
2025-09-11 14:06:25,482 - ERROR - Migration error: no such table: bookmakers_lookup
2025-09-11 14:06:26,482 - ERROR - Migration error: no such table: bookmakers_lookup
2025-09-11 14:06:27,483 - ERROR - Migration error: no such table: bookmakers_lookup
2025-09-11 14:06:28,483 - ERROR - Migration error: no such table: bookmakers_lookup
2025-09-11 14:06:29,483 - ERROR - Migration error: no such table: bookmakers_lookup
2025-09-11 14:06:30,484 - ERROR - Migration error: no such table: bookmakers_lookup
2025-09-11 14:06:31,485 - ERROR - Migration error: no such table: bookmakers_lookup
2025-09-11 14:06:32,485 - ERROR - Migration error: no such table: bookmakers_lookup
2025-09-11 14:06:33,486 - ERROR - Migration error: no such table: bookmakers_lookup
2025-09-11 14:06:34,486 - ERROR - Migration error: no such table: bookmakers_lookup
2025-09-11 14:06:35,486 - ERROR - Migration error: no such table: bookmakers_lookup
2025-09-11 14:06:36,487 - ERROR - Migration error: no such table: bookmakers_lookup
2025-09-11 14:06:37,488 - ERROR - Migration error: no such table: bookmakers_lookup
2025-09-11 14:06:38,489 - ERROR - Migration error: no such table: bookmakers_lookup
2025-09-11 14:06:39,490 - ERROR - Migration error: no such table: bookmakers_lookup
2025-09-11 14:06:40,490 - ERROR - Migration error: no such table: bookmakers_lookup
2025-09-11 14:06:41,491 - ERROR - Migration error: no such table: bookmakers_lookup
2025-09-11 14:06:42,492 - ERROR - Migration error: no such table: bookmakers_lookup
2025-09-11 14:06:43,493 - ERROR - Migration error: no such table: bookmakers_lookup
2025-09-11 14:06:44,493 - ERROR - Migration error: no such table: bookmakers_lookup
2025-09-11 14:06:45,494 - ERROR - Migration error: no such table: bookmakers_lookup
2025-09-11 14:06:46,495 - ERROR - Migration error: no such table: bookmakers_lookup
2025-09-11 14:06:47,495 - ERROR - Migration error: no such table: bookmakers_lookup
2025-09-11 14:06:48,496 - ERROR - Migration error: no such table: bookmakers_lookup
2025-09-11 14:06:49,497 - ERROR - Migration error: no such table: bookmakers_lookup
2025-09-11 14:06:50,497 - ERROR - Migration error: no such table: bookmakers_lookup
2025-09-11 14:06:51,498 - ERROR - Migration error: no such table: bookmakers_lookup
2025-09-11 14:06:52,498 - ERROR - Migration error: no such table: bookmakers_lookup
2025-09-11 14:06:53,499 - ERROR - Migration error: no such table: bookmakers_lookup
2025-09-11 14:06:54,499 - ERROR - Migration error: no such table: bookmakers_lookup
2025-09-11 14:06:55,500 - ERROR - Migration error: no such table: bookmakers_lookup
2025-09-11 14:06:56,500 - ERROR - Migration error: no such table: bookmakers_lookup
2025-09-11 14:06:57,501 - ERROR - Migration error: no such table: bookmakers_lookup
2025-09-11 14:06:58,501 - ERROR - Migration error: no such table: bookmakers_lookup
2025-09-11 14:06:59,502 - ERROR - Migration error: no such table: bookmakers_lookup
2025-09-11 14:07:00,502 - ERROR - Migration error: no such table: bookmakers_lookup
2025-09-11 14:07:01,503 - ERROR - Migration error: no such table: bookmakers_lookup
2025-09-11 14:07:02,503 - ERROR - Migration error: no such table: bookmakers_lookup
2025-09-11 14:07:03,504 - ERROR - Migration error: no such table: bookmakers_lookup
2025-09-11 14:07:04,504 - ERROR - Migration error: no such table: bookmakers_lookup
2025-09-11 14:07:05,504 - ERROR - Migration error: no such table: bookmakers_lookup
2025-09-11 14:07:06,505 - ERROR - Migration error: no such table: bookmakers_lookup
2025-09-11 14:07:07,506 - ERROR - Migration error: no such table: bookmakers_lookup
2025-09-11 14:07:08,506 - ERROR - Migration error: no such table: bookmakers_lookup
2025-09-11 14:07:09,507 - ERROR - Migration error: no such table: bookmakers_lookup
2025-09-11 14:07:10,507 - ERROR - Migration error: no such table: bookmakers_lookup
2025-09-11 14:07:11,508 - ERROR - Migration error: no such table: bookmakers_lookup
2025-09-11 14:07:12,508 - ERROR - Migration error: no such table: bookmakers_lookup
2025-09-11 14:07:13,509 - ERROR - Migration error: no such table: bookmakers_lookup
2025-09-11 14:07:14,509 - ERROR - Migration error: no such table: bookmakers_lookup
2025-09-11 14:07:15,509 - ERROR - Migration error: no such table: bookmakers_lookup
2025-09-11 14:07:16,510 - ERROR - Migration error: no such table: bookmakers_lookup
2025-09-11 14:07:17,511 - ERROR - Migration error: no such table: bookmakers_lookup
2025-09-11 14:07:18,511 - ERROR - Migration error: no such table: bookmakers_lookup
2025-09-11 14:07:19,512 - ERROR - Migration error: no such table: bookmakers_lookup
2025-09-11 14:07:20,512 - ERROR - Migration error: no such table: bookmakers_lookup
2025-09-11 14:07:21,512 - ERROR - Migration error: no such table: bookmakers_lookup
2025-09-11 14:07:22,513 - ERROR - Migration error: no such table: bookmakers_lookup
2025-09-11 14:07:23,514 - ERROR - Migration error: no such table: bookmakers_lookup
2025-09-11 14:07:24,515 - ERROR - Migration error: no such table: bookmakers_lookup
2025-09-11 14:07:25,516 - ERROR - Migration error: no such table: bookmakers_lookup
2025-09-11 14:07:26,516 - ERROR - Migration error: no such table: bookmakers_lookup
2025-09-11 14:07:27,517 - ERROR - Migration error: no such table: bookmakers_lookup
2025-09-11 14:07:28,518 - ERROR - Migration error: no such table: bookmakers_lookup
2025-09-11 14:07:29,518 - ERROR - Migration error: no such table: bookmakers_lookup
2025-09-11 14:07:30,519 - ERROR - Migration error: no such table: bookmakers_lookup
2025-09-11 14:07:31,520 - ERROR - Migration error: no such table: bookmakers_lookup
2025-09-11 14:07:32,521 - ERROR - Migration error: no such table: bookmakers_lookup
2025-09-11 14:07:33,521 - ERROR - Migration error: no such table: bookmakers_lookup
2025-09-11 14:07:34,522 - ERROR - Migration error: no such table: bookmakers_lookup
2025-09-11 14:07:35,522 - ERROR - Migration error: no such table: bookmakers_lookup
2025-09-11 14:07:36,523 - ERROR - Migration error: no such table: bookmakers_lookup
2025-09-11 14:07:37,523 - ERROR - Migration error: no such table: bookmakers_lookup
2025-09-11 14:07:38,524 - ERROR - Migration error: no such table: bookmakers_lookup
2025-09-11 14:07:39,525 - ERROR - Migration error: no such table: bookmakers_lookup
2025-09-11 14:07:40,525 - ERROR - Migration error: no such table: bookmakers_lookup
2025-09-11 14:07:41,526 - ERROR - Migration error: no such table: bookmakers_lookup
2025-09-11 14:07:42,527 - ERROR - Migration error: no such table: bookmakers_lookup
2025-09-11 14:07:43,528 - ERROR - Migration error: no such table: bookmakers_lookup
2025-09-11 14:07:44,529 - ERROR - Migration error: no such table: bookmakers_lookup
2025-09-11 14:07:45,529 - ERROR - Migration error: no such table: bookmakers_lookup
2025-09-11 14:07:46,530 - ERROR - Migration error: no such table: bookmakers_lookup
2025-09-11 14:07:47,530 - ERROR - Migration error: no such table: bookmakers_lookup
2025-09-11 14:07:48,531 - ERROR - Migration error: no such table: bookmakers_lookup
2025-09-11 14:07:49,532 - ERROR - Migration error: no such table: bookmakers_lookup
2025-09-11 14:07:50,532 - ERROR - Migration error: no such table: bookmakers_lookup
2025-09-11 14:07:51,533 - ERROR - Migration error: no such table: bookmakers_lookup
2025-09-11 14:07:52,534 - ERROR - Migration error: no such table: bookmakers_lookup
2025-09-11 14:07:53,534 - ERROR - Migration error: no such table: bookmakers_lookup
2025-09-11 14:07:54,536 - ERROR - Migration error: no such table: bookmakers_lookup
2025-09-11 14:07:55,537 - ERROR - Migration error: no such table: bookmakers_lookup
2025-09-11 14:07:56,538 - ERROR - Migration error: no such table: bookmakers_lookup
2025-09-11 14:07:57,539 - ERROR - Migration error: no such table: bookmakers_lookup
2025-09-11 14:07:58,540 - ERROR - Migration error: no such table: bookmakers_lookup
2025-09-11 14:07:59,541 - ERROR - Migration error: no such table: bookmakers_lookup
2025-09-11 14:08:00,542 - ERROR - Migration error: no such table: bookmakers_lookup
2025-09-11 14:08:01,542 - ERROR - Migration error: no such table: bookmakers_lookup
2025-09-11 14:08:02,543 - ERROR - Migration error: no such table: bookmakers_lookup
2025-09-11 14:08:03,544 - ERROR - Migration error: no such table: bookmakers_lookup
2025-09-11 14:08:04,545 - ERROR - Migration error: no such table: bookmakers_lookup
2025-09-11 14:08:05,546 - ERROR - Migration error: no such table: bookmakers_lookup
2025-09-11 14:08:06,547 - ERROR - Migration error: no such table: bookmakers_lookup
2025-09-11 14:08:07,548 - ERROR - Migration error: no such table: bookmakers_lookup
2025-09-11 14:08:08,549 - ERROR - Migration error: no such table: bookmakers_lookup
2025-09-11 14:08:09,550 - ERROR - Migration error: no such table: bookmakers_lookup
2025-09-11 14:08:10,550 - ERROR - Migration error: no such table: bookmakers_lookup
2025-09-11 14:08:11,551 - ERROR - Migration error: no such table: bookmakers_lookup
2025-09-11 14:08:12,552 - ERROR - Migration error: no such table: bookmakers_lookup
2025-09-11 14:08:13,553 - ERROR - Migration error: no such table: bookmakers_lookup
2025-09-11 14:08:14,554 - ERROR - Migration error: no such table: bookmakers_lookup
2025-09-11 14:08:15,556 - ERROR - Migration error: no such table: bookmakers_lookup
2025-09-11 14:08:16,557 - ERROR - Migration error: no such table: bookmakers_lookup
2025-09-11 14:08:17,558 - ERROR - Migration error: no such table: bookmakers_lookup
2025-09-11 14:08:18,559 - ERROR - Migration error: no such table: bookmakers_lookup
2025-09-11 14:08:19,560 - ERROR - Migration error: no such table: bookmakers_lookup
2025-09-11 14:08:20,561 - ERROR - Migration error: no such table: bookmakers_lookup
2025-09-11 14:08:21,562 - ERROR - Migration error: no such table: bookmakers_lookup
2025-09-11 14:08:22,562 - ERROR - Migration error: no such table: bookmakers_lookup
2025-09-11 14:08:23,563 - ERROR - Migration error: no such table: bookmakers_lookup
2025-09-11 14:08:24,565 - ERROR - Migration error: no such table: bookmakers_lookup
2025-09-11 14:08:25,565 - ERROR - Migration error: no such table: bookmakers_lookup
2025-09-11 14:08:26,566 - ERROR - Migration error: no such table: bookmakers_lookup
2025-09-11 14:08:27,567 - ERROR - Migration error: no such table: bookmakers_lookup
2025-09-11 14:08:28,568 - ERROR - Migration error: no such table: bookmakers_lookup
2025-09-11 14:08:29,569 - ERROR - Migration error: no such table: bookmakers_lookup
2025-09-11 14:08:30,569 - ERROR - Migration error: no such table: bookmakers_lookup
2025-09-11 14:08:31,571 - ERROR - Migration error: no such table: bookmakers_lookup
2025-09-11 14:08:32,571 - ERROR - Migration error: no such table: bookmakers_lookup
2025-09-11 14:08:33,572 - ERROR - Migration error: no such table: bookmakers_lookup
2025-09-11 14:08:34,573 - ERROR - Migration error: no such table: bookmakers_lookup
2025-09-11 14:08:35,574 - ERROR - Migration error: no such table: bookmakers_lookup
2025-09-11 14:08:36,575 - ERROR - Migration error: no such table: bookmakers_lookup
2025-09-11 14:08:37,576 - ERROR - Migration error: no such table: bookmakers_lookup
2025-09-11 14:08:38,578 - ERROR - Migration error: no such table: bookmakers_lookup
2025-09-11 14:08:39,579 - ERROR - Migration error: no such table: bookmakers_lookup
2025-09-11 14:08:40,580 - ERROR - Migration error: no such table: bookmakers_lookup
2025-09-11 14:08:41,581 - ERROR - Migration error: no such table: bookmakers_lookup
2025-09-11 14:08:42,582 - ERROR - Migration error: no such table: bookmakers_lookup
2025-09-11 14:08:43,582 - ERROR - Migration error: no such table: bookmakers_lookup
2025-09-11 14:08:44,583 - ERROR - Migration error: no such table: bookmakers_lookup
2025-09-11 14:08:45,584 - ERROR - Migration error: no such table: bookmakers_lookup
2025-09-11 14:08:46,585 - ERROR - Migration error: no such table: bookmakers_lookup
2025-09-11 14:08:47,586 - ERROR - Migration error: no such table: bookmakers_lookup
2025-09-11 14:08:48,588 - ERROR - Migration error: no such table: bookmakers_lookup
2025-09-11 14:08:49,589 - ERROR - Migration error: no such table: bookmakers_lookup
2025-09-11 14:08:50,589 - ERROR - Migration error: no such table: bookmakers_lookup
2025-09-11 14:08:51,591 - ERROR - Migration error: no such table: bookmakers_lookup
2025-09-11 14:08:52,591 - ERROR - Migration error: no such table: bookmakers_lookup
2025-09-11 14:08:53,592 - ERROR - Migration error: no such table: bookmakers_lookup
2025-09-11 14:08:54,593 - ERROR - Migration error: no such table: bookmakers_lookup
2025-09-11 14:08:55,594 - ERROR - Migration error: no such table: bookmakers_lookup
2025-09-11 14:08:56,595 - ERROR - Migration error: no such table: bookmakers_lookup
2025-09-11 14:08:57,596 - ERROR - Migration error: no such table: bookmakers_lookup
2025-09-11 14:08:58,597 - ERROR - Migration error: no such table: bookmakers_lookup
2025-09-11 14:08:59,599 - ERROR - Migration error: no such table: bookmakers_lookup
2025-09-11 14:09:00,600 - ERROR - Migration error: no such table: bookmakers_lookup
2025-09-11 14:09:01,601 - ERROR - Migration error: no such table: bookmakers_lookup
2025-09-11 14:09:02,603 - ERROR - Migration error: no such table: bookmakers_lookup
2025-09-11 14:09:03,604 - ERROR - Migration error: no such table: bookmakers_lookup
2025-09-11 14:09:04,605 - ERROR - Migration error: no such table: bookmakers_lookup
2025-09-11 14:09:05,606 - ERROR - Migration error: no such table: bookmakers_lookup
2025-09-11 14:09:06,607 - ERROR - Migration error: no such table: bookmakers_lookup
2025-09-11 14:09:07,608 - ERROR - Migration error: no such table: bookmakers_lookup
2025-09-11 14:09:08,609 - ERROR - Migration error: no such table: bookmakers_lookup
2025-09-11 14:09:09,611 - ERROR - Migration error: no such table: bookmakers_lookup
2025-09-11 14:09:10,612 - ERROR - Migration error: no such table: bookmakers_lookup
2025-09-11 14:09:11,613 - ERROR - Migration error: no such table: bookmakers_lookup
2025-09-11 14:09:12,613 - ERROR - Migration error: no such table: bookmakers_lookup
2025-09-11 14:09:13,615 - ERROR - Migration error: no such table: bookmakers_lookup
2025-09-11 14:09:14,616 - ERROR - Migration error: no such table: bookmakers_lookup
2025-09-11 14:09:15,617 - ERROR - Migration error: no such table: bookmakers_lookup
2025-09-11 14:09:16,619 - ERROR - Migration error: no such table: bookmakers_lookup
2025-09-11 14:09:17,620 - ERROR - Migration error: no such table: bookmakers_lookup
2025-09-11 14:09:18,622 - ERROR - Migration error: no such table: bookmakers_lookup
2025-09-11 14:09:19,623 - ERROR - Migration error: no such table: bookmakers_lookup
2025-09-11 14:09:20,624 - ERROR - Migration error: no such table: bookmakers_lookup
2025-09-11 14:09:21,625 - ERROR - Migration error: no such table: bookmakers_lookup
2025-09-11 14:09:22,626 - ERROR - Migration error: no such table: bookmakers_lookup
2025-09-11 14:09:23,627 - ERROR - Migration error: no such table: bookmakers_lookup
2025-09-11 14:09:24,629 - ERROR - Migration error: no such table: bookmakers_lookup
2025-09-11 14:09:25,630 - ERROR - Migration error: no such table: bookmakers_lookup
2025-09-11 14:09:26,631 - ERROR - Migration error: no such table: bookmakers_lookup
2025-09-11 14:09:27,632 - ERROR - Migration error: no such table: bookmakers_lookup
2025-09-11 14:09:28,634 - ERROR - Migration error: no such table: bookmakers_lookup
2025-09-11 14:09:29,635 - ERROR - Migration error: no such table: bookmakers_lookup
2025-09-11 14:09:30,636 - ERROR - Migration error: no such table: bookmakers_lookup
2025-09-11 14:09:31,637 - ERROR - Migration error: no such table: bookmakers_lookup
2025-09-11 14:09:32,638 - ERROR - Migration error: no such table: bookmakers_lookup
2025-09-11 14:09:33,639 - ERROR - Migration error: no such table: bookmakers_lookup
2025-09-11 14:09:34,641 - ERROR - Migration error: no such table: bookmakers_lookup
2025-09-11 14:09:35,642 - ERROR - Migration error: no such table: bookmakers_lookup
2025-09-11 14:09:36,643 - ERROR - Migration error: no such table: bookmakers_lookup
2025-09-11 14:09:37,644 - ERROR - Migration error: no such table: bookmakers_lookup
2025-09-11 14:09:38,645 - ERROR - Migration error: no such table: bookmakers_lookup
2025-09-11 14:09:39,647 - ERROR - Migration error: no such table: bookmakers_lookup
2025-09-11 14:09:40,648 - ERROR - Migration error: no such table: bookmakers_lookup
2025-09-11 14:09:41,649 - ERROR - Migration error: no such table: bookmakers_lookup
2025-09-11 14:09:42,650 - ERROR - Migration error: no such table: bookmakers_lookup
2025-09-11 14:09:43,652 - ERROR - Migration error: no such table: bookmakers_lookup
2025-09-11 14:09:44,652 - ERROR - Migration error: no such table: bookmakers_lookup
2025-09-11 14:09:45,654 - ERROR - Migration error: no such table: bookmakers_lookup
2025-09-11 14:09:46,655 - ERROR - Migration error: no such table: bookmakers_lookup
2025-09-11 14:09:47,656 - ERROR - Migration error: no such table: bookmakers_lookup
2025-09-11 14:09:48,657 - ERROR - Migration error: no such table: bookmakers_lookup
2025-09-11 14:09:49,657 - ERROR - Migration error: no such table: bookmakers_lookup
2025-09-11 14:09:50,657 - ERROR - Migration error: no such table: bookmakers_lookup
2025-09-11 14:09:51,658 - ERROR - Migration error: no such table: bookmakers_lookup
2025-09-11 14:09:52,659 - ERROR - Migration error: no such table: bookmakers_lookup
2025-09-11 14:09:53,660 - ERROR - Migration error: no such table: bookmakers_lookup
2025-09-11 14:09:54,660 - ERROR - Migration error: no such table: bookmakers_lookup
2025-09-11 14:09:55,661 - ERROR - Migration error: no such table: bookmakers_lookup
2025-09-11 14:09:56,662 - ERROR - Migration error: no such table: bookmakers_lookup
2025-09-11 14:09:57,663 - ERROR - Migration error: no such table: bookmakers_lookup
2025-09-11 14:09:58,664 - ERROR - Migration error: no such table: bookmakers_lookup
2025-09-11 14:09:59,665 - ERROR - Migration error: no such table: bookmakers_lookup
2025-09-11 14:10:00,666 - ERROR - Migration error: no such table: bookmakers_lookup
2025-09-11 14:10:01,667 - ERROR - Migration error: no such table: bookmakers_lookup
2025-09-11 14:10:02,668 - ERROR - Migration error: no such table: bookmakers_lookup
2025-09-11 14:10:03,669 - ERROR - Migration error: no such table: bookmakers_lookup
2025-09-11 14:10:04,670 - ERROR - Migration error: no such table: bookmakers_lookup
2025-09-11 14:10:05,671 - ERROR - Migration error: no such table: bookmakers_lookup
2025-09-11 14:10:06,672 - ERROR - Migration error: no such table: bookmakers_lookup
2025-09-11 14:10:07,672 - ERROR - Migration error: no such table: bookmakers_lookup
2025-09-11 14:10:08,674 - ERROR - Migration error: no such table: bookmakers_lookup
2025-09-11 14:10:09,675 - ERROR - Migration error: no such table: bookmakers_lookup
2025-09-11 14:10:10,676 - ERROR - Migration error: no such table: bookmakers_lookup
2025-09-11 14:10:11,677 - ERROR - Migration error: no such table: bookmakers_lookup
2025-09-11 14:10:12,678 - ERROR - Migration error: no such table: bookmakers_lookup
2025-09-11 14:10:13,679 - ERROR - Migration error: no such table: bookmakers_lookup
2025-09-11 14:10:14,680 - ERROR - Migration error: no such table: bookmakers_lookup
2025-09-11 14:10:15,681 - ERROR - Migration error: no such table: bookmakers_lookup
2025-09-11 14:10:16,682 - ERROR - Migration error: no such table: bookmakers_lookup
2025-09-11 14:10:17,683 - ERROR - Migration error: no such table: bookmakers_lookup
2025-09-11 14:10:18,684 - ERROR - Migration error: no such table: bookmakers_lookup
2025-09-11 14:10:19,684 - ERROR - Migration error: no such table: bookmakers_lookup
2025-09-11 14:10:20,685 - ERROR - Migration error: no such table: bookmakers_lookup
2025-09-11 14:10:21,686 - ERROR - Migration error: no such table: bookmakers_lookup
2025-09-11 14:10:22,687 - ERROR - Migration error: no such table: bookmakers_lookup
2025-09-11 14:10:23,688 - ERROR - Migration error: no such table: bookmakers_lookup
2025-09-11 14:10:24,689 - ERROR - Migration error: no such table: bookmakers_lookup
2025-09-11 14:10:25,691 - ERROR - Migration error: no such table: bookmakers_lookup
2025-09-11 14:10:26,692 - ERROR - Migration error: no such table: bookmakers_lookup
2025-09-11 14:10:27,693 - ERROR - Migration error: no such table: bookmakers_lookup
2025-09-11 14:10:28,695 - ERROR - Migration error: no such table: bookmakers_lookup
2025-09-11 14:10:29,696 - ERROR - Migration error: no such table: bookmakers_lookup
2025-09-11 14:10:30,697 - ERROR - Migration error: no such table: bookmakers_lookup
2025-09-11 14:10:31,698 - ERROR - Migration error: no such table: bookmakers_lookup
2025-09-11 14:10:32,699 - ERROR - Migration error: no such table: bookmakers_lookup
2025-09-11 14:10:33,700 - ERROR - Migration error: no such table: bookmakers_lookup
2025-09-11 14:10:34,700 - ERROR - Migration error: no such table: bookmakers_lookup
2025-09-11 14:10:35,701 - ERROR - Migration error: no such table: bookmakers_lookup
2025-09-11 14:10:36,702 - ERROR - Migration error: no such table: bookmakers_lookup
2025-09-11 14:10:37,704 - ERROR - Migration error: no such table: bookmakers_lookup
2025-09-11 14:10:38,705 - ERROR - Migration error: no such table: bookmakers_lookup
2025-09-11 14:10:39,706 - ERROR - Migration error: no such table: bookmakers_lookup
2025-09-11 14:10:40,707 - ERROR - Migration error: no such table: bookmakers_lookup
2025-09-11 14:10:41,708 - ERROR - Migration error: no such table: bookmakers_lookup
2025-09-11 14:10:42,709 - ERROR - Migration error: no such table: bookmakers_lookup
2025-09-11 14:10:43,710 - ERROR - Migration error: no such table: bookmakers_lookup
2025-09-11 14:10:44,711 - ERROR - Migration error: no such table: bookmakers_lookup
2025-09-11 14:10:45,712 - ERROR - Migration error: no such table: bookmakers_lookup
2025-09-11 14:10:46,713 - ERROR - Migration error: no such table: bookmakers_lookup
2025-09-11 14:10:47,715 - ERROR - Migration error: no such table: bookmakers_lookup
2025-09-11 14:10:48,716 - ERROR - Migration error: no such table: bookmakers_lookup
2025-09-11 14:10:49,717 - ERROR - Migration error: no such table: bookmakers_lookup
2025-09-11 14:10:50,719 - ERROR - Migration error: no such table: bookmakers_lookup
2025-09-11 14:10:51,720 - ERROR - Migration error: no such table: bookmakers_lookup
2025-09-11 14:10:52,721 - ERROR - Migration error: no such table: bookmakers_lookup
2025-09-11 14:10:53,721 - ERROR - Migration error: no such table: bookmakers_lookup
2025-09-11 14:10:54,722 - ERROR - Migration error: no such table: bookmakers_lookup
2025-09-11 14:10:55,723 - ERROR - Migration error: no such table: bookmakers_lookup
2025-09-11 14:10:56,724 - ERROR - Migration error: no such table: bookmakers_lookup
2025-09-11 14:10:57,725 - ERROR - Migration error: no such table: bookmakers_lookup
2025-09-11 14:10:58,727 - ERROR - Migration error: no such table: bookmakers_lookup
2025-09-11 14:10:59,728 - ERROR - Migration error: no such table: bookmakers_lookup
2025-09-11 14:11:00,728 - ERROR - Migration error: no such table: bookmakers_lookup
2025-09-11 14:11:01,729 - ERROR - Migration error: no such table: bookmakers_lookup
2025-09-11 14:11:02,730 - ERROR - Migration error: no such table: bookmakers_lookup
2025-09-11 14:11:03,731 - ERROR - Migration error: no such table: bookmakers_lookup
2025-09-11 14:11:04,733 - ERROR - Migration error: no such table: bookmakers_lookup
2025-09-11 14:11:05,734 - ERROR - Migration error: no such table: bookmakers_lookup
2025-09-11 14:11:06,734 - ERROR - Migration error: no such table: bookmakers_lookup
2025-09-11 14:11:07,736 - ERROR - Migration error: no such table: bookmakers_lookup
2025-09-11 14:11:08,737 - ERROR - Migration error: no such table: bookmakers_lookup
2025-09-11 14:11:09,738 - ERROR - Migration error: no such table: bookmakers_lookup
2025-09-11 14:11:10,739 - ERROR - Migration error: no such table: bookmakers_lookup
2025-09-11 14:11:11,740 - ERROR - Migration error: no such table: bookmakers_lookup
2025-09-11 14:11:12,741 - ERROR - Migration error: no such table: bookmakers_lookup
2025-09-11 14:11:13,742 - ERROR - Migration error: no such table: bookmakers_lookup
2025-09-11 14:11:14,743 - ERROR - Migration error: no such table: bookmakers_lookup
2025-09-11 14:11:15,744 - ERROR - Migration error: no such table: bookmakers_lookup
2025-09-11 14:11:16,745 - ERROR - Migration error: no such table: bookmakers_lookup
2025-09-11 14:11:17,746 - ERROR - Migration error: no such table: bookmakers_lookup
2025-09-11 14:11:18,747 - ERROR - Migration error: no such table: bookmakers_lookup
2025-09-11 14:11:19,748 - ERROR - Migration error: no such table: bookmakers_lookup
2025-09-11 14:11:20,750 - ERROR - Migration error: no such table: bookmakers_lookup
2025-09-11 14:11:21,751 - ERROR - Migration error: no such table: bookmakers_lookup
2025-09-11 14:11:22,752 - ERROR - Migration error: no such table: bookmakers_lookup
2025-09-11 14:11:23,753 - ERROR - Migration error: no such table: bookmakers_lookup
2025-09-11 14:11:24,754 - ERROR - Migration error: no such table: bookmakers_lookup
2025-09-11 14:11:25,754 - ERROR - Migration error: no such table: bookmakers_lookup
2025-09-11 14:11:26,755 - ERROR - Migration error: no such table: bookmakers_lookup
2025-09-11 14:11:27,755 - ERROR - Migration error: no such table: bookmakers_lookup
2025-09-11 14:11:28,756 - ERROR - Migration error: no such table: bookmakers_lookup
2025-09-11 14:11:29,757 - ERROR - Migration error: no such table: bookmakers_lookup
2025-09-11 14:11:30,758 - ERROR - Migration error: no such table: bookmakers_lookup
2025-09-11 14:11:31,759 - ERROR - Migration error: no such table: bookmakers_lookup
2025-09-11 14:11:32,760 - ERROR - Migration error: no such table: bookmakers_lookup
2025-09-11 14:11:33,761 - ERROR - Migration error: no such table: bookmakers_lookup
2025-09-11 14:11:34,762 - ERROR - Migration error: no such table: bookmakers_lookup
2025-09-11 14:11:35,763 - ERROR - Migration error: no such table: bookmakers_lookup
2025-09-11 14:11:36,764 - ERROR - Migration error: no such table: bookmakers_lookup
2025-09-11 14:11:37,765 - ERROR - Migration error: no such table: bookmakers_lookup
2025-09-11 14:11:38,766 - ERROR - Migration error: no such table: bookmakers_lookup
2025-09-11 14:11:39,767 - ERROR - Migration error: no such table: bookmakers_lookup
2025-09-11 14:11:40,768 - ERROR - Migration error: no such table: bookmakers_lookup
2025-09-11 14:11:41,769 - ERROR - Migration error: no such table: bookmakers_lookup
2025-09-11 14:11:42,771 - ERROR - Migration error: no such table: bookmakers_lookup
2025-09-11 14:11:43,772 - ERROR - Migration error: no such table: bookmakers_lookup
2025-09-11 14:11:44,773 - ERROR - Migration error: no such table: bookmakers_lookup
2025-09-11 14:11:45,774 - ERROR - Migration error: no such table: bookmakers_lookup
2025-09-11 14:11:46,775 - ERROR - Migration error: no such table: bookmakers_lookup
2025-09-11 14:11:47,776 - ERROR - Migration error: no such table: bookmakers_lookup
2025-09-11 14:11:48,777 - ERROR - Migration error: no such table: bookmakers_lookup
2025-09-11 14:11:49,778 - ERROR - Migration error: no such table: bookmakers_lookup
2025-09-11 14:11:50,780 - ERROR - Migration error: no such table: bookmakers_lookup
2025-09-11 14:11:51,781 - ERROR - Migration error: no such table: bookmakers_lookup
2025-09-11 14:11:52,782 - ERROR - Migration error: no such table: bookmakers_lookup
2025-09-11 14:11:53,783 - ERROR - Migration error: no such table: bookmakers_lookup
2025-09-11 14:11:54,784 - ERROR - Migration error: no such table: bookmakers_lookup
2025-09-11 14:11:55,785 - ERROR - Migration error: no such table: bookmakers_lookup
2025-09-11 14:11:56,786 - ERROR - Migration error: no such table: bookmakers_lookup
2025-09-11 14:11:57,788 - ERROR - Migration error: no such table: bookmakers_lookup
2025-09-11 14:11:58,789 - ERROR - Migration error: no such table: bookmakers_lookup
2025-09-11 14:11:59,790 - ERROR - Migration error: no such table: bookmakers_lookup
2025-09-11 14:12:00,791 - ERROR - Migration error: no such table: bookmakers_lookup
2025-09-11 14:12:01,792 - ERROR - Migration error: no such table: bookmakers_lookup
2025-09-11 14:12:02,794 - ERROR - Migration error: no such table: bookmakers_lookup
2025-09-11 14:12:03,795 - ERROR - Migration error: no such table: bookmakers_lookup
2025-09-11 14:12:04,796 - ERROR - Migration error: no such table: bookmakers_lookup
2025-09-11 14:12:05,798 - ERROR - Migration error: no such table: bookmakers_lookup
2025-09-11 14:12:06,799 - ERROR - Migration error: no such table: bookmakers_lookup
2025-09-11 14:12:07,800 - ERROR - Migration error: no such table: bookmakers_lookup
2025-09-11 14:12:08,801 - ERROR - Migration error: no such table: bookmakers_lookup
2025-09-11 14:12:09,802 - ERROR - Migration error: no such table: bookmakers_lookup
2025-09-11 14:12:10,803 - ERROR - Migration error: no such table: bookmakers_lookup
2025-09-11 14:12:11,804 - ERROR - Migration error: no such table: bookmakers_lookup
2025-09-11 14:12:12,806 - ERROR - Migration error: no such table: bookmakers_lookup
2025-09-11 14:12:13,807 - ERROR - Migration error: no such table: bookmakers_lookup
2025-09-11 14:12:14,808 - ERROR - Migration error: no such table: bookmakers_lookup
2025-09-11 14:12:15,809 - ERROR - Migration error: no such table: bookmakers_lookup
2025-09-11 14:12:16,810 - ERROR - Migration error: no such table: bookmakers_lookup
2025-09-11 14:12:17,811 - ERROR - Migration error: no such table: bookmakers_lookup
2025-09-11 14:12:18,812 - ERROR - Migration error: no such table: bookmakers_lookup
2025-09-11 14:12:19,814 - ERROR - Migration error: no such table: bookmakers_lookup
2025-09-11 14:12:20,815 - ERROR - Migration error: no such table: bookmakers_lookup
2025-09-11 14:12:21,816 - ERROR - Migration error: no such table: bookmakers_lookup
2025-09-11 14:12:22,818 - ERROR - Migration error: no such table: bookmakers_lookup
2025-09-11 14:12:23,819 - ERROR - Migration error: no such table: bookmakers_lookup
2025-09-11 14:12:24,820 - ERROR - Migration error: no such table: bookmakers_lookup
2025-09-11 14:12:25,821 - ERROR - Migration error: no such table: bookmakers_lookup
2025-09-11 14:12:26,822 - ERROR - Migration error: no such table: bookmakers_lookup
2025-09-11 14:12:27,824 - ERROR - Migration error: no such table: bookmakers_lookup
2025-09-11 14:12:28,825 - ERROR - Migration error: no such table: bookmakers_lookup
2025-09-11 14:12:29,826 - ERROR - Migration error: no such table: bookmakers_lookup
2025-09-11 14:12:30,827 - ERROR - Migration error: no such table: bookmakers_lookup
2025-09-11 14:12:31,828 - ERROR - Migration error: no such table: bookmakers_lookup
2025-09-11 14:12:32,829 - ERROR - Migration error: no such table: bookmakers_lookup
2025-09-11 14:12:33,830 - ERROR - Migration error: no such table: bookmakers_lookup
2025-09-11 14:12:34,831 - ERROR - Migration error: no such table: bookmakers_lookup
2025-09-11 14:12:35,832 - ERROR - Migration error: no such table: bookmakers_lookup
2025-09-11 14:12:36,833 - ERROR - Migration error: no such table: bookmakers_lookup
2025-09-11 14:12:37,834 - ERROR - Migration error: no such table: bookmakers_lookup
2025-09-11 14:12:38,835 - ERROR - Migration error: no such table: bookmakers_lookup
2025-09-11 14:12:39,837 - ERROR - Migration error: no such table: bookmakers_lookup
2025-09-11 14:12:40,838 - ERROR - Migration error: no such table: bookmakers_lookup
2025-09-11 14:12:41,839 - ERROR - Migration error: no such table: bookmakers_lookup
2025-09-11 14:12:42,840 - ERROR - Migration error: no such table: bookmakers_lookup
2025-09-11 14:12:43,841 - ERROR - Migration error: no such table: bookmakers_lookup
2025-09-11 14:12:44,842 - ERROR - Migration error: no such table: bookmakers_lookup
2025-09-11 14:12:45,842 - ERROR - Migration error: no such table: bookmakers_lookup
2025-09-11 14:12:46,843 - ERROR - Migration error: no such table: bookmakers_lookup
2025-09-11 14:12:47,845 - ERROR - Migration error: no such table: bookmakers_lookup
2025-09-11 14:12:48,846 - ERROR - Migration error: no such table: bookmakers_lookup
2025-09-11 14:12:49,847 - ERROR - Migration error: no such table: bookmakers_lookup
2025-09-11 14:12:50,848 - ERROR - Migration error: no such table: bookmakers_lookup
2025-09-11 14:12:51,849 - ERROR - Migration error: no such table: bookmakers_lookup
2025-09-11 14:12:52,850 - ERROR - Migration error: no such table: bookmakers_lookup
2025-09-11 14:12:53,851 - ERROR - Migration error: no such table: bookmakers_lookup
2025-09-11 14:12:54,852 - ERROR - Migration error: no such table: bookmakers_lookup
2025-09-11 14:12:55,853 - ERROR - Migration error: no such table: bookmakers_lookup
2025-09-11 14:12:56,854 - ERROR - Migration error: no such table: bookmakers_lookup
2025-09-11 14:12:57,855 - ERROR - Migration error: no such table: bookmakers_lookup
2025-09-11 14:12:58,856 - ERROR - Migration error: no such table: bookmakers_lookup
2025-09-11 14:12:59,858 - ERROR - Migration error: no such table: bookmakers_lookup
2025-09-11 14:13:00,859 - ERROR - Migration error: no such table: bookmakers_lookup
2025-09-11 14:13:01,859 - ERROR - Migration error: no such table: bookmakers_lookup
2025-09-11 14:13:02,860 - ERROR - Migration error: no such table: bookmakers_lookup
2025-09-11 14:13:03,861 - ERROR - Migration error: no such table: bookmakers_lookup
2025-09-11 14:13:04,862 - ERROR - Migration error: no such table: bookmakers_lookup
2025-09-11 14:13:05,864 - ERROR - Migration error: no such table: bookmakers_lookup
2025-09-11 14:13:06,865 - ERROR - Migration error: no such table: bookmakers_lookup
2025-09-11 14:13:07,866 - ERROR - Migration error: no such table: bookmakers_lookup
2025-09-11 14:13:08,868 - ERROR - Migration error: no such table: bookmakers_lookup
2025-09-11 14:13:09,869 - ERROR - Migration error: no such table: bookmakers_lookup
2025-09-11 14:13:10,869 - ERROR - Migration error: no such table: bookmakers_lookup
2025-09-11 14:13:11,869 - ERROR - Migration error: no such table: bookmakers_lookup
2025-09-11 14:13:12,870 - ERROR - Migration error: no such table: bookmakers_lookup
2025-09-11 14:13:13,871 - ERROR - Migration error: no such table: bookmakers_lookup
2025-09-11 14:13:14,872 - ERROR - Migration error: no such table: bookmakers_lookup
2025-09-11 14:13:15,874 - ERROR - Migration error: no such table: bookmakers_lookup
2025-09-11 14:13:16,875 - ERROR - Migration error: no such table: bookmakers_lookup
2025-09-11 14:13:17,875 - ERROR - Migration error: no such table: bookmakers_lookup
2025-09-11 14:13:18,876 - ERROR - Migration error: no such table: bookmakers_lookup
2025-09-11 14:13:19,877 - ERROR - Migration error: no such table: bookmakers_lookup
2025-09-11 14:13:20,878 - ERROR - Migration error: no such table: bookmakers_lookup
2025-09-11 14:13:21,880 - ERROR - Migration error: no such table: bookmakers_lookup
2025-09-11 14:13:22,881 - ERROR - Migration error: no such table: bookmakers_lookup
2025-09-11 14:13:23,882 - ERROR - Migration error: no such table: bookmakers_lookup
2025-09-11 14:13:24,882 - ERROR - Migration error: no such table: bookmakers_lookup
2025-09-11 14:13:25,884 - ERROR - Migration error: no such table: bookmakers_lookup
2025-09-11 14:13:26,885 - ERROR - Migration error: no such table: bookmakers_lookup
2025-09-11 14:13:27,886 - ERROR - Migration error: no such table: bookmakers_lookup
2025-09-11 14:13:28,888 - ERROR - Migration error: no such table: bookmakers_lookup
2025-09-11 14:13:29,889 - ERROR - Migration error: no such table: bookmakers_lookup
2025-09-11 14:13:30,890 - ERROR - Migration error: no such table: bookmakers_lookup
2025-09-11 14:13:31,891 - ERROR - Migration error: no such table: bookmakers_lookup
2025-09-11 14:13:32,892 - ERROR - Migration error: no such table: bookmakers_lookup
2025-09-11 14:13:33,893 - ERROR - Migration error: no such table: bookmakers_lookup
2025-09-11 14:13:34,894 - ERROR - Migration error: no such table: bookmakers_lookup
2025-09-11 14:13:35,894 - ERROR - Migration error: no such table: bookmakers_lookup
2025-09-11 14:13:36,895 - ERROR - Migration error: no such table: bookmakers_lookup
2025-09-11 14:13:37,896 - ERROR - Migration error: no such table: bookmakers_lookup
2025-09-11 14:13:38,897 - ERROR - Migration error: no such table: bookmakers_lookup
2025-09-11 14:13:39,898 - ERROR - Migration error: no such table: bookmakers_lookup
2025-09-11 14:13:40,899 - ERROR - Migration error: no such table: bookmakers_lookup
2025-09-11 14:13:41,900 - ERROR - Migration error: no such table: bookmakers_lookup
2025-09-11 14:13:42,901 - ERROR - Migration error: no such table: bookmakers_lookup
2025-09-11 14:13:43,903 - ERROR - Migration error: no such table: bookmakers_lookup
2025-09-11 14:13:44,904 - ERROR - Migration error: no such table: bookmakers_lookup
2025-09-11 14:13:45,905 - ERROR - Migration error: no such table: bookmakers_lookup
2025-09-11 14:13:46,906 - ERROR - Migration error: no such table: bookmakers_lookup
2025-09-11 14:13:47,907 - ERROR - Migration error: no such table: bookmakers_lookup
2025-09-11 14:13:48,908 - ERROR - Migration error: no such table: bookmakers_lookup
2025-09-11 14:13:49,909 - ERROR - Migration error: no such table: bookmakers_lookup
2025-09-11 14:13:50,910 - ERROR - Migration error: no such table: bookmakers_lookup
2025-09-11 14:13:51,912 - ERROR - Migration error: no such table: bookmakers_lookup
2025-09-11 14:13:52,913 - ERROR - Migration error: no such table: bookmakers_lookup
2025-09-11 14:13:53,914 - ERROR - Migration error: no such table: bookmakers_lookup
2025-09-11 14:13:54,915 - ERROR - Migration error: no such table: bookmakers_lookup
2025-09-11 14:13:55,917 - ERROR - Migration error: no such table: bookmakers_lookup
2025-09-11 14:13:56,918 - ERROR - Migration error: no such table: bookmakers_lookup
2025-09-11 14:13:57,919 - ERROR - Migration error: no such table: bookmakers_lookup
2025-09-11 14:13:58,921 - ERROR - Migration error: no such table: bookmakers_lookup
2025-09-11 14:13:59,922 - ERROR - Migration error: no such table: bookmakers_lookup
2025-09-11 14:14:00,923 - ERROR - Migration error: no such table: bookmakers_lookup
2025-09-11 14:14:01,924 - ERROR - Migration error: no such table: bookmakers_lookup
2025-09-11 14:14:02,925 - ERROR - Migration error: no such table: bookmakers_lookup
2025-09-11 14:14:03,926 - ERROR - Migration error: no such table: bookmakers_lookup
2025-09-11 14:14:04,927 - ERROR - Migration error: no such table: bookmakers_lookup
2025-09-11 14:14:05,929 - ERROR - Migration error: no such table: bookmakers_lookup
2025-09-11 14:14:06,930 - ERROR - Migration error: no such table: bookmakers_lookup
2025-09-11 14:14:07,931 - ERROR - Migration error: no such table: bookmakers_lookup
2025-09-11 14:14:08,932 - ERROR - Migration error: no such table: bookmakers_lookup
2025-09-11 14:14:09,934 - ERROR - Migration error: no such table: bookmakers_lookup
2025-09-11 14:14:10,935 - ERROR - Migration error: no such table: bookmakers_lookup
2025-09-11 14:14:11,936 - ERROR - Migration error: no such table: bookmakers_lookup
2025-09-11 14:14:12,937 - ERROR - Migration error: no such table: bookmakers_lookup
2025-09-11 14:14:13,938 - ERROR - Migration error: no such table: bookmakers_lookup
2025-09-11 14:14:14,939 - ERROR - Migration error: no such table: bookmakers_lookup
2025-09-11 14:14:15,940 - ERROR - Migration error: no such table: bookmakers_lookup
2025-09-11 14:14:16,941 - ERROR - Migration error: no such table: bookmakers_lookup
2025-09-11 14:14:17,942 - ERROR - Migration error: no such table: bookmakers_lookup
2025-09-11 14:14:18,943 - ERROR - Migration error: no such table: bookmakers_lookup
2025-09-11 14:14:19,944 - ERROR - Migration error: no such table: bookmakers_lookup
2025-09-11 14:14:20,945 - ERROR - Migration error: no such table: bookmakers_lookup
2025-09-11 14:14:21,946 - ERROR - Migration error: no such table: bookmakers_lookup
2025-09-11 14:14:22,948 - ERROR - Migration error: no such table: bookmakers_lookup
2025-09-11 14:14:23,949 - ERROR - Migration error: no such table: bookmakers_lookup
2025-09-11 14:14:24,950 - ERROR - Migration error: no such table: bookmakers_lookup
2025-09-11 14:14:25,951 - ERROR - Migration error: no such table: bookmakers_lookup
2025-09-11 14:14:26,952 - ERROR - Migration error: no such table: bookmakers_lookup
2025-09-11 14:14:27,953 - ERROR - Migration error: no such table: bookmakers_lookup
2025-09-11 14:14:28,954 - ERROR - Migration error: no such table: bookmakers_lookup
2025-09-11 14:14:29,955 - ERROR - Migration error: no such table: bookmakers_lookup
2025-09-11 14:14:30,956 - ERROR - Migration error: no such table: bookmakers_lookup
2025-09-11 14:14:31,958 - ERROR - Migration error: no such table: bookmakers_lookup
2025-09-11 14:14:32,959 - ERROR - Migration error: no such table: bookmakers_lookup
2025-09-11 14:14:33,959 - ERROR - Migration error: no such table: bookmakers_lookup
2025-09-11 14:14:34,960 - ERROR - Migration error: no such table: bookmakers_lookup
2025-09-11 14:14:35,962 - ERROR - Migration error: no such table: bookmakers_lookup
2025-09-11 14:14:36,963 - ERROR - Migration error: no such table: bookmakers_lookup
2025-09-11 14:14:37,964 - ERROR - Migration error: no such table: bookmakers_lookup
2025-09-11 14:14:38,965 - ERROR - Migration error: no such table: bookmakers_lookup
2025-09-11 14:14:39,966 - ERROR - Migration error: no such table: bookmakers_lookup
2025-09-11 14:14:40,967 - ERROR - Migration error: no such table: bookmakers_lookup
2025-09-11 14:14:41,968 - ERROR - Migration error: no such table: bookmakers_lookup
2025-09-11 14:14:42,969 - ERROR - Migration error: no such table: bookmakers_lookup
2025-09-11 14:14:43,970 - ERROR - Migration error: no such table: bookmakers_lookup
2025-09-11 14:14:44,971 - ERROR - Migration error: no such table: bookmakers_lookup
2025-09-11 14:14:45,973 - ERROR - Migration error: no such table: bookmakers_lookup
2025-09-11 14:14:46,973 - ERROR - Migration error: no such table: bookmakers_lookup
2025-09-11 14:14:47,974 - ERROR - Migration error: no such table: bookmakers_lookup
2025-09-11 14:14:48,975 - ERROR - Migration error: no such table: bookmakers_lookup
2025-09-11 14:14:49,977 - ERROR - Migration error: no such table: bookmakers_lookup
2025-09-11 14:14:50,978 - ERROR - Migration error: no such table: bookmakers_lookup
2025-09-11 14:14:51,978 - ERROR - Migration error: no such table: bookmakers_lookup
2025-09-11 14:14:52,979 - ERROR - Migration error: no such table: bookmakers_lookup
2025-09-11 14:14:53,980 - ERROR - Migration error: no such table: bookmakers_lookup
2025-09-11 14:14:54,981 - ERROR - Migration error: no such table: bookmakers_lookup
2025-09-11 14:14:55,982 - ERROR - Migration error: no such table: bookmakers_lookup
2025-09-11 14:14:56,983 - ERROR - Migration error: no such table: bookmakers_lookup
2025-09-11 14:14:57,985 - ERROR - Migration error: no such table: bookmakers_lookup
2025-09-11 14:14:58,986 - ERROR - Migration error: no such table: bookmakers_lookup
2025-09-11 14:14:59,987 - ERROR - Migration error: no such table: bookmakers_lookup
2025-09-11 14:15:00,988 - ERROR - Migration error: no such table: bookmakers_lookup
2025-09-11 14:15:01,989 - ERROR - Migration error: no such table: bookmakers_lookup
2025-09-11 14:15:02,990 - ERROR - Migration error: no such table: bookmakers_lookup
2025-09-11 14:15:03,991 - ERROR - Migration error: no such table: bookmakers_lookup
2025-09-11 14:15:04,991 - ERROR - Migration error: no such table: bookmakers_lookup
2025-09-11 14:15:05,992 - ERROR - Migration error: no such table: bookmakers_lookup
2025-09-11 14:15:06,993 - ERROR - Migration error: no such table: bookmakers_lookup
2025-09-11 14:15:07,995 - ERROR - Migration error: no such table: bookmakers_lookup
2025-09-11 14:15:08,995 - ERROR - Migration error: no such table: bookmakers_lookup
2025-09-11 14:15:09,997 - ERROR - Migration error: no such table: bookmakers_lookup
2025-09-11 14:15:10,997 - ERROR - Migration error: no such table: bookmakers_lookup
2025-09-11 14:15:11,998 - ERROR - Migration error: no such table: bookmakers_lookup
2025-09-11 14:15:12,999 - ERROR - Migration error: no such table: bookmakers_lookup
2025-09-11 14:15:14,000 - ERROR - Migration error: no such table: bookmakers_lookup
2025-09-11 14:15:15,000 - ERROR - Migration error: no such table: bookmakers_lookup
2025-09-11 14:15:16,001 - ERROR - Migration error: no such table: bookmakers_lookup
2025-09-11 14:15:17,001 - ERROR - Migration error: no such table: bookmakers_lookup
2025-09-11 14:15:18,002 - ERROR - Migration error: no such table: bookmakers_lookup
2025-09-11 14:15:19,003 - ERROR - Migration error: no such table: bookmakers_lookup
2025-09-11 14:15:20,004 - ERROR - Migration error: no such table: bookmakers_lookup
2025-09-11 14:15:21,005 - ERROR - Migration error: no such table: bookmakers_lookup
2025-09-11 14:15:22,005 - ERROR - Migration error: no such table: bookmakers_lookup
2025-09-11 14:15:23,006 - ERROR - Migration error: no such table: bookmakers_lookup
2025-09-11 14:15:24,007 - ERROR - Migration error: no such table: bookmakers_lookup
2025-09-11 14:15:25,008 - ERROR - Migration error: no such table: bookmakers_lookup
2025-09-11 14:15:26,009 - ERROR - Migration error: no such table: bookmakers_lookup
2025-09-11 14:15:27,010 - ERROR - Migration error: no such table: bookmakers_lookup
2025-09-11 14:15:28,011 - ERROR - Migration error: no such table: bookmakers_lookup
2025-09-11 14:15:29,013 - ERROR - Migration error: no such table: bookmakers_lookup
2025-09-11 14:15:30,014 - ERROR - Migration error: no such table: bookmakers_lookup
2025-09-11 14:15:31,015 - ERROR - Migration error: no such table: bookmakers_lookup
2025-09-11 14:15:32,016 - ERROR - Migration error: no such table: bookmakers_lookup
2025-09-11 14:15:33,018 - ERROR - Migration error: no such table: bookmakers_lookup
2025-09-11 14:15:34,019 - ERROR - Migration error: no such table: bookmakers_lookup
2025-09-11 14:15:35,020 - ERROR - Migration error: no such table: bookmakers_lookup
2025-09-11 14:15:36,021 - ERROR - Migration error: no such table: bookmakers_lookup
2025-09-11 14:15:37,023 - ERROR - Migration error: no such table: bookmakers_lookup
2025-09-11 14:15:38,024 - ERROR - Migration error: no such table: bookmakers_lookup
2025-09-11 14:15:39,025 - ERROR - Migration error: no such table: bookmakers_lookup
2025-09-11 14:15:40,026 - ERROR - Migration error: no such table: bookmakers_lookup
2025-09-11 14:15:41,027 - ERROR - Migration error: no such table: bookmakers_lookup
2025-09-11 14:15:42,028 - ERROR - Migration error: no such table: bookmakers_lookup
2025-09-11 14:15:43,029 - ERROR - Migration error: no such table: bookmakers_lookup
2025-09-11 14:15:44,030 - ERROR - Migration error: no such table: bookmakers_lookup
2025-09-11 14:15:45,031 - ERROR - Migration error: no such table: bookmakers_lookup
2025-09-11 14:15:46,032 - ERROR - Migration error: no such table: bookmakers_lookup
2025-09-11 14:15:47,033 - ERROR - Migration error: no such table: bookmakers_lookup
2025-09-11 14:15:48,034 - ERROR - Migration error: no such table: bookmakers_lookup
2025-09-11 14:15:49,035 - ERROR - Migration error: no such table: bookmakers_lookup
2025-09-11 14:15:50,036 - ERROR - Migration error: no such table: bookmakers_lookup
2025-09-11 14:15:51,038 - ERROR - Migration error: no such table: bookmakers_lookup
2025-09-11 14:15:52,039 - ERROR - Migration error: no such table: bookmakers_lookup
2025-09-11 14:15:53,040 - ERROR - Migration error: no such table: bookmakers_lookup
2025-09-11 14:15:54,041 - ERROR - Migration error: no such table: bookmakers_lookup
2025-09-11 14:15:55,042 - ERROR - Migration error: no such table: bookmakers_lookup
2025-09-11 14:15:56,042 - ERROR - Migration error: no such table: bookmakers_lookup
2025-09-11 14:15:57,042 - ERROR - Migration error: no such table: bookmakers_lookup
2025-09-11 14:15:58,043 - ERROR - Migration error: no such table: bookmakers_lookup
2025-09-11 14:15:59,043 - ERROR - Migration error: no such table: bookmakers_lookup
2025-09-11 14:16:00,044 - ERROR - Migration error: no such table: bookmakers_lookup
2025-09-11 14:16:01,046 - ERROR - Migration error: no such table: bookmakers_lookup
2025-09-11 14:16:02,046 - ERROR - Migration error: no such table: bookmakers_lookup
2025-09-11 14:16:03,047 - ERROR - Migration error: no such table: bookmakers_lookup
2025-09-11 14:16:04,048 - ERROR - Migration error: no such table: bookmakers_lookup
2025-09-11 14:16:05,048 - ERROR - Migration error: no such table: bookmakers_lookup
2025-09-11 14:16:06,049 - ERROR - Migration error: no such table: bookmakers_lookup
2025-09-11 14:16:07,050 - ERROR - Migration error: no such table: bookmakers_lookup
2025-09-11 14:16:08,052 - ERROR - Migration error: no such table: bookmakers_lookup
2025-09-11 14:16:09,053 - ERROR - Migration error: no such table: bookmakers_lookup
2025-09-11 14:16:10,054 - ERROR - Migration error: no such table: bookmakers_lookup
2025-09-11 14:16:11,055 - ERROR - Migration error: no such table: bookmakers_lookup
2025-09-11 14:16:12,057 - ERROR - Migration error: no such table: bookmakers_lookup
2025-09-11 14:16:13,058 - ERROR - Migration error: no such table: bookmakers_lookup
2025-09-11 14:16:14,059 - ERROR - Migration error: no such table: bookmakers_lookup
2025-09-11 14:16:15,060 - ERROR - Migration error: no such table: bookmakers_lookup
2025-09-11 14:16:16,061 - ERROR - Migration error: no such table: bookmakers_lookup
2025-09-11 14:16:17,063 - ERROR - Migration error: no such table: bookmakers_lookup
2025-09-11 14:16:18,064 - ERROR - Migration error: no such table: bookmakers_lookup
2025-09-11 14:16:19,065 - ERROR - Migration error: no such table: bookmakers_lookup
2025-09-11 14:16:20,066 - ERROR - Migration error: no such table: bookmakers_lookup
2025-09-11 14:16:21,067 - ERROR - Migration error: no such table: bookmakers_lookup
2025-09-11 14:16:22,069 - ERROR - Migration error: no such table: bookmakers_lookup
2025-09-11 14:16:23,070 - ERROR - Migration error: no such table: bookmakers_lookup
2025-09-11 14:16:24,071 - ERROR - Migration error: no such table: bookmakers_lookup
2025-09-11 14:16:25,072 - ERROR - Migration error: no such table: bookmakers_lookup
2025-09-11 14:16:26,073 - ERROR - Migration error: no such table: bookmakers_lookup
2025-09-11 14:16:27,074 - ERROR - Migration error: no such table: bookmakers_lookup
2025-09-11 14:16:28,075 - ERROR - Migration error: no such table: bookmakers_lookup
2025-09-11 14:16:29,076 - ERROR - Migration error: no such table: bookmakers_lookup
2025-09-11 14:16:30,077 - ERROR - Migration error: no such table: bookmakers_lookup
2025-09-11 14:16:31,077 - ERROR - Migration error: no such table: bookmakers_lookup
2025-09-11 14:16:32,078 - ERROR - Migration error: no such table: bookmakers_lookup
2025-09-11 14:16:33,079 - ERROR - Migration error: no such table: bookmakers_lookup
2025-09-11 14:16:34,080 - ERROR - Migration error: no such table: bookmakers_lookup
2025-09-11 14:16:35,081 - ERROR - Migration error: no such table: bookmakers_lookup
2025-09-11 14:16:36,082 - ERROR - Migration error: no such table: bookmakers_lookup
2025-09-11 14:16:37,083 - ERROR - Migration error: no such table: bookmakers_lookup
2025-09-11 14:16:38,084 - ERROR - Migration error: no such table: bookmakers_lookup
2025-09-11 14:16:39,085 - ERROR - Migration error: no such table: bookmakers_lookup
2025-09-11 14:16:40,086 - ERROR - Migration error: no such table: bookmakers_lookup
2025-09-11 14:16:41,087 - ERROR - Migration error: no such table: bookmakers_lookup
2025-09-11 14:16:42,089 - ERROR - Migration error: no such table: bookmakers_lookup
2025-09-11 14:16:43,090 - ERROR - Migration error: no such table: bookmakers_lookup
2025-09-11 14:16:44,091 - ERROR - Migration error: no such table: bookmakers_lookup
2025-09-11 14:16:45,092 - ERROR - Migration error: no such table: bookmakers_lookup
2025-09-11 14:16:46,093 - ERROR - Migration error: no such table: bookmakers_lookup
2025-09-11 14:16:47,094 - ERROR - Migration error: no such table: bookmakers_lookup
2025-09-11 14:16:48,095 - ERROR - Migration error: no such table: bookmakers_lookup
2025-09-11 14:16:49,096 - ERROR - Migration error: no such table: bookmakers_lookup
2025-09-11 14:16:50,097 - ERROR - Migration error: no such table: bookmakers_lookup
2025-09-11 14:16:51,099 - ERROR - Migration error: no such table: bookmakers_lookup
2025-09-11 14:16:52,100 - ERROR - Migration error: no such table: bookmakers_lookup
2025-09-11 14:16:53,100 - ERROR - Migration error: no such table: bookmakers_lookup
2025-09-11 14:16:54,101 - ERROR - Migration error: no such table: bookmakers_lookup
2025-09-11 14:16:55,102 - ERROR - Migration error: no such table: bookmakers_lookup
2025-09-11 14:16:56,103 - ERROR - Migration error: no such table: bookmakers_lookup
2025-09-11 14:16:57,104 - ERROR - Migration error: no such table: bookmakers_lookup
2025-09-11 14:16:58,104 - ERROR - Migration error: no such table: bookmakers_lookup
2025-09-11 14:16:59,105 - ERROR - Migration error: no such table: bookmakers_lookup
2025-09-11 14:17:00,106 - ERROR - Migration error: no such table: bookmakers_lookup
2025-09-11 14:17:01,107 - ERROR - Migration error: no such table: bookmakers_lookup
2025-09-11 14:17:02,108 - ERROR - Migration error: no such table: bookmakers_lookup
2025-09-11 14:17:03,109 - ERROR - Migration error: no such table: bookmakers_lookup
2025-09-11 14:17:04,109 - ERROR - Migration error: no such table: bookmakers_lookup
2025-09-11 14:17:05,110 - ERROR - Migration error: no such table: bookmakers_lookup
2025-09-11 14:17:06,112 - ERROR - Migration error: no such table: bookmakers_lookup
2025-09-11 14:17:07,113 - ERROR - Migration error: no such table: bookmakers_lookup
2025-09-11 14:17:08,114 - ERROR - Migration error: no such table: bookmakers_lookup
2025-09-11 14:17:09,115 - ERROR - Migration error: no such table: bookmakers_lookup
2025-09-11 14:17:10,116 - ERROR - Migration error: no such table: bookmakers_lookup
2025-09-11 14:17:11,117 - ERROR - Migration error: no such table: bookmakers_lookup
2025-09-11 14:17:12,118 - ERROR - Migration error: no such table: bookmakers_lookup
2025-09-11 14:17:13,119 - ERROR - Migration error: no such table: bookmakers_lookup
2025-09-11 14:17:14,120 - ERROR - Migration error: no such table: bookmakers_lookup
2025-09-11 14:17:15,121 - ERROR - Migration error: no such table: bookmakers_lookup
2025-09-11 14:17:16,122 - ERROR - Migration error: no such table: bookmakers_lookup
2025-09-11 14:17:17,123 - ERROR - Migration error: no such table: bookmakers_lookup
2025-09-11 14:17:18,123 - ERROR - Migration error: no such table: bookmakers_lookup
2025-09-11 14:17:19,124 - ERROR - Migration error: no such table: bookmakers_lookup
2025-09-11 14:17:20,125 - ERROR - Migration error: no such table: bookmakers_lookup
2025-09-11 14:17:21,125 - ERROR - Migration error: no such table: bookmakers_lookup
2025-09-11 14:17:22,126 - ERROR - Migration error: no such table: bookmakers_lookup
2025-09-11 14:17:23,127 - ERROR - Migration error: no such table: bookmakers_lookup
2025-09-11 14:17:24,128 - ERROR - Migration error: no such table: bookmakers_lookup
2025-09-11 14:17:25,129 - ERROR - Migration error: no such table: bookmakers_lookup
2025-09-11 14:17:26,129 - ERROR - Migration error: no such table: bookmakers_lookup
2025-09-11 14:17:27,130 - ERROR - Migration error: no such table: bookmakers_lookup
2025-09-11 14:17:28,131 - ERROR - Migration error: no such table: bookmakers_lookup
2025-09-11 14:17:29,132 - ERROR - Migration error: no such table: bookmakers_lookup
2025-09-11 14:17:30,133 - ERROR - Migration error: no such table: bookmakers_lookup
2025-09-11 14:17:31,134 - ERROR - Migration error: no such table: bookmakers_lookup
2025-09-11 14:17:32,135 - ERROR - Migration error: no such table: bookmakers_lookup
2025-09-11 14:17:33,136 - ERROR - Migration error: no such table: bookmakers_lookup
2025-09-11 14:17:34,137 - ERROR - Migration error: no such table: bookmakers_lookup
2025-09-11 14:17:35,137 - ERROR - Migration error: no such table: bookmakers_lookup
2025-09-11 14:17:36,138 - ERROR - Migration error: no such table: bookmakers_lookup
2025-09-11 14:17:37,138 - ERROR - Migration error: no such table: bookmakers_lookup
2025-09-11 14:17:38,139 - ERROR - Migration error: no such table: bookmakers_lookup
2025-09-11 14:17:39,139 - ERROR - Migration error: no such table: bookmakers_lookup
2025-09-11 14:17:40,140 - ERROR - Migration error: no such table: bookmakers_lookup
2025-09-11 14:17:41,141 - ERROR - Migration error: no such table: bookmakers_lookup
2025-09-11 14:17:42,142 - ERROR - Migration error: no such table: bookmakers_lookup
2025-09-11 14:17:43,143 - ERROR - Migration error: no such table: bookmakers_lookup
2025-09-11 14:17:44,144 - ERROR - Migration error: no such table: bookmakers_lookup
2025-09-11 14:17:45,144 - ERROR - Migration error: no such table: bookmakers_lookup
2025-09-11 14:17:46,145 - ERROR - Migration error: no such table: bookmakers_lookup
2025-09-11 14:17:47,146 - ERROR - Migration error: no such table: bookmakers_lookup
2025-09-11 14:17:48,147 - ERROR - Migration error: no such table: bookmakers_lookup
2025-09-11 14:17:49,148 - ERROR - Migration error: no such table: bookmakers_lookup
2025-09-11 14:17:50,149 - ERROR - Migration error: no such table: bookmakers_lookup
2025-09-11 14:17:51,150 - ERROR - Migration error: no such table: bookmakers_lookup
2025-09-11 14:17:52,151 - ERROR - Migration error: no such table: bookmakers_lookup
2025-09-11 14:17:53,152 - ERROR - Migration error: no such table: bookmakers_lookup
2025-09-11 14:17:54,153 - ERROR - Migration error: no such table: bookmakers_lookup
2025-09-11 14:17:55,154 - ERROR - Migration error: no such table: bookmakers_lookup
2025-09-11 14:17:56,155 - ERROR - Migration error: no such table: bookmakers_lookup
2025-09-11 14:17:57,155 - ERROR - Migration error: no such table: bookmakers_lookup
2025-09-11 14:17:58,156 - ERROR - Migration error: no such table: bookmakers_lookup
2025-09-11 14:17:59,157 - ERROR - Migration error: no such table: bookmakers_lookup
2025-09-11 14:18:00,158 - ERROR - Migration error: no such table: bookmakers_lookup
2025-09-11 14:18:01,159 - ERROR - Migration error: no such table: bookmakers_lookup
2025-09-11 14:18:02,160 - ERROR - Migration error: no such table: bookmakers_lookup
2025-09-11 14:18:03,161 - ERROR - Migration error: no such table: bookmakers_lookup
2025-09-11 14:18:04,162 - ERROR - Migration error: no such table: bookmakers_lookup
2025-09-11 14:18:05,163 - ERROR - Migration error: no such table: bookmakers_lookup
2025-09-11 14:18:06,164 - ERROR - Migration error: no such table: bookmakers_lookup
2025-09-11 14:18:07,166 - ERROR - Migration error: no such table: bookmakers_lookup
2025-09-11 14:18:08,167 - ERROR - Migration error: no such table: bookmakers_lookup
2025-09-11 14:18:09,168 - ERROR - Migration error: no such table: bookmakers_lookup
2025-09-11 14:18:10,169 - ERROR - Migration error: no such table: bookmakers_lookup
2025-09-11 14:18:11,170 - ERROR - Migration error: no such table: bookmakers_lookup
2025-09-11 14:18:12,171 - ERROR - Migration error: no such table: bookmakers_lookup
2025-09-11 14:18:13,173 - ERROR - Migration error: no such table: bookmakers_lookup
2025-09-11 14:18:14,174 - ERROR - Migration error: no such table: bookmakers_lookup
2025-09-11 14:18:15,175 - ERROR - Migration error: no such table: bookmakers_lookup
2025-09-11 14:18:16,176 - ERROR - Migration error: no such table: bookmakers_lookup
2025-09-11 14:18:17,177 - ERROR - Migration error: no such table: bookmakers_lookup
2025-09-11 14:18:18,178 - ERROR - Migration error: no such table: bookmakers_lookup
2025-09-11 14:18:19,179 - ERROR - Migration error: no such table: bookmakers_lookup
2025-09-11 14:18:20,179 - ERROR - Migration error: no such table: bookmakers_lookup
2025-09-11 14:18:21,180 - ERROR - Migration error: no such table: bookmakers_lookup
2025-09-11 14:18:22,180 - ERROR - Migration error: no such table: bookmakers_lookup
2025-09-11 14:18:23,180 - ERROR - Migration error: no such table: bookmakers_lookup
2025-09-11 14:18:24,181 - ERROR - Migration error: no such table: bookmakers_lookup
2025-09-11 14:18:25,182 - ERROR - Migration error: no such table: bookmakers_lookup
2025-09-11 14:18:26,183 - ERROR - Migration error: no such table: bookmakers_lookup
2025-09-11 14:18:27,184 - ERROR - Migration error: no such table: bookmakers_lookup
2025-09-11 14:18:28,185 - ERROR - Migration error: no such table: bookmakers_lookup
2025-09-11 14:18:29,186 - ERROR - Migration error: no such table: bookmakers_lookup
2025-09-11 14:18:30,187 - ERROR - Migration error: no such table: bookmakers_lookup
2025-09-11 14:18:31,188 - ERROR - Migration error: no such table: bookmakers_lookup
2025-09-11 14:18:32,189 - ERROR - Migration error: no such table: bookmakers_lookup
2025-09-11 14:18:33,190 - ERROR - Migration error: no such table: bookmakers_lookup
2025-09-11 14:18:34,191 - ERROR - Migration error: no such table: bookmakers_lookup
2025-09-11 14:18:35,192 - ERROR - Migration error: no such table: bookmakers_lookup
2025-09-11 14:18:36,192 - ERROR - Migration error: no such table: bookmakers_lookup
2025-09-11 14:18:37,193 - ERROR - Migration error: no such table: bookmakers_lookup
2025-09-11 14:18:38,193 - ERROR - Migration error: no such table: bookmakers_lookup
2025-09-11 14:18:39,194 - ERROR - Migration error: no such table: bookmakers_lookup
2025-09-11 14:18:40,195 - ERROR - Migration error: no such table: bookmakers_lookup
2025-09-11 14:18:41,196 - ERROR - Migration error: no such table: bookmakers_lookup
2025-09-11 14:18:42,197 - ERROR - Migration error: no such table: bookmakers_lookup
2025-09-11 14:18:43,198 - ERROR - Migration error: no such table: bookmakers_lookup
2025-09-11 14:18:44,199 - ERROR - Migration error: no such table: bookmakers_lookup
2025-09-11 14:18:45,200 - ERROR - Migration error: no such table: bookmakers_lookup
2025-09-11 14:18:46,202 - ERROR - Migration error: no such table: bookmakers_lookup
2025-09-11 14:18:47,202 - ERROR - Migration error: no such table: bookmakers_lookup
2025-09-11 14:18:48,203 - ERROR - Migration error: no such table: bookmakers_lookup
2025-09-11 14:18:49,205 - ERROR - Migration error: no such table: bookmakers_lookup
2025-09-11 14:18:50,206 - ERROR - Migration error: no such table: bookmakers_lookup
2025-09-11 14:18:51,207 - ERROR - Migration error: no such table: bookmakers_lookup
2025-09-11 14:18:52,207 - ERROR - Migration error: no such table: bookmakers_lookup
2025-09-11 14:18:53,208 - ERROR - Migration error: no such table: bookmakers_lookup
2025-09-11 14:18:54,208 - ERROR - Migration error: no such table: bookmakers_lookup
2025-09-11 14:18:55,209 - ERROR - Migration error: no such table: bookmakers_lookup
2025-09-11 14:18:56,210 - ERROR - Migration error: no such table: bookmakers_lookup
2025-09-11 14:18:57,211 - ERROR - Migration error: no such table: bookmakers_lookup
2025-09-11 14:18:58,212 - ERROR - Migration error: no such table: bookmakers_lookup
2025-09-11 14:18:59,213 - ERROR - Migration error: no such table: bookmakers_lookup
2025-09-11 14:19:00,214 - ERROR - Migration error: no such table: bookmakers_lookup
2025-09-11 14:19:01,215 - ERROR - Migration error: no such table: bookmakers_lookup
2025-09-11 14:19:02,216 - ERROR - Migration error: no such table: bookmakers_lookup
2025-09-11 14:19:03,217 - ERROR - Migration error: no such table: bookmakers_lookup
2025-09-11 14:19:04,218 - ERROR - Migration error: no such table: bookmakers_lookup
2025-09-11 14:19:05,220 - ERROR - Migration error: no such table: bookmakers_lookup
2025-09-11 14:19:06,221 - ERROR - Migration error: no such table: bookmakers_lookup
2025-09-11 14:19:07,222 - ERROR - Migration error: no such table: bookmakers_lookup
2025-09-11 14:19:08,223 - ERROR - Migration error: no such table: bookmakers_lookup
2025-09-11 14:19:09,224 - ERROR - Migration error: no such table: bookmakers_lookup
2025-09-11 14:19:10,225 - ERROR - Migration error: no such table: bookmakers_lookup
2025-09-11 14:19:11,227 - ERROR - Migration error: no such table: bookmakers_lookup
2025-09-11 14:19:12,228 - ERROR - Migration error: no such table: bookmakers_lookup
2025-09-11 14:19:13,229 - ERROR - Migration error: no such table: bookmakers_lookup
2025-09-11 14:19:14,230 - ERROR - Migration error: no such table: bookmakers_lookup
2025-09-11 14:19:15,231 - ERROR - Migration error: no such table: bookmakers_lookup
2025-09-11 14:19:16,232 - ERROR - Migration error: no such table: bookmakers_lookup
2025-09-11 14:19:17,233 - ERROR - Migration error: no such table: bookmakers_lookup
2025-09-11 14:19:18,235 - ERROR - Migration error: no such table: bookmakers_lookup
2025-09-11 14:19:19,236 - ERROR - Migration error: no such table: bookmakers_lookup
2025-09-11 14:19:20,237 - ERROR - Migration error: no such table: bookmakers_lookup
2025-09-11 14:19:21,237 - ERROR - Migration error: no such table: bookmakers_lookup
2025-09-11 14:19:22,238 - ERROR - Migration error: no such table: bookmakers_lookup
2025-09-11 14:19:23,239 - ERROR - Migration error: no such table: bookmakers_lookup
2025-09-11 14:19:24,240 - ERROR - Migration error: no such table: bookmakers_lookup
2025-09-11 14:19:25,241 - ERROR - Migration error: no such table: bookmakers_lookup
2025-09-11 14:19:26,242 - ERROR - Migration error: no such table: bookmakers_lookup
2025-09-11 14:19:27,243 - ERROR - Migration error: no such table: bookmakers_lookup
2025-09-11 14:19:28,244 - ERROR - Migration error: no such table: bookmakers_lookup
2025-09-11 14:19:29,245 - ERROR - Migration error: no such table: bookmakers_lookup
2025-09-11 14:19:30,246 - ERROR - Migration error: no such table: bookmakers_lookup
2025-09-11 14:19:31,247 - ERROR - Migration error: no such table: bookmakers_lookup
2025-09-11 14:19:32,248 - ERROR - Migration error: no such table: bookmakers_lookup
2025-09-11 14:19:33,250 - ERROR - Migration error: no such table: bookmakers_lookup
2025-09-11 14:19:34,251 - ERROR - Migration error: no such table: bookmakers_lookup
2025-09-11 14:19:35,251 - ERROR - Migration error: no such table: bookmakers_lookup
2025-09-11 14:19:36,253 - ERROR - Migration error: no such table: bookmakers_lookup
2025-09-11 14:19:37,253 - ERROR - Migration error: no such table: bookmakers_lookup
2025-09-11 14:19:38,254 - ERROR - Migration error: no such table: bookmakers_lookup
2025-09-11 14:19:39,255 - ERROR - Migration error: no such table: bookmakers_lookup
2025-09-11 14:19:40,256 - ERROR - Migration error: no such table: bookmakers_lookup
2025-09-11 14:19:41,257 - ERROR - Migration error: no such table: bookmakers_lookup
2025-09-11 14:19:42,258 - ERROR - Migration error: no such table: bookmakers_lookup
2025-09-11 14:19:43,259 - ERROR - Migration error: no such table: bookmakers_lookup
2025-09-11 14:19:44,261 - ERROR - Migration error: no such table: bookmakers_lookup
2025-09-11 14:19:45,262 - ERROR - Migration error: no such table: bookmakers_lookup
2025-09-11 14:19:46,263 - ERROR - Migration error: no such table: bookmakers_lookup
2025-09-11 14:19:47,264 - ERROR - Migration error: no such table: bookmakers_lookup
2025-09-11 14:19:48,265 - ERROR - Migration error: no such table: bookmakers_lookup
2025-09-11 14:19:49,266 - ERROR - Migration error: no such table: bookmakers_lookup
2025-09-11 14:19:50,267 - ERROR - Migration error: no such table: bookmakers_lookup
2025-09-11 14:19:51,268 - ERROR - Migration error: no such table: bookmakers_lookup
2025-09-11 14:19:52,269 - ERROR - Migration error: no such table: bookmakers_lookup
2025-09-11 14:19:53,271 - ERROR - Migration error: no such table: bookmakers_lookup
2025-09-11 14:19:54,272 - ERROR - Migration error: no such table: bookmakers_lookup
2025-09-11 14:19:55,273 - ERROR - Migration error: no such table: bookmakers_lookup
2025-09-11 14:19:56,274 - ERROR - Migration error: no such table: bookmakers_lookup
2025-09-11 14:19:57,275 - ERROR - Migration error: no such table: bookmakers_lookup
2025-09-11 14:19:58,276 - ERROR - Migration error: no such table: bookmakers_lookup
2025-09-11 14:19:59,277 - ERROR - Migration error: no such table: bookmakers_lookup
2025-09-11 14:20:00,278 - ERROR - Migration error: no such table: bookmakers_lookup
2025-09-11 14:20:01,278 - ERROR - Migration error: no such table: bookmakers_lookup
2025-09-11 14:20:02,279 - ERROR - Migration error: no such table: bookmakers_lookup
2025-09-11 14:20:03,281 - ERROR - Migration error: no such table: bookmakers_lookup
2025-09-11 14:20:04,282 - ERROR - Migration error: no such table: bookmakers_lookup
2025-09-11 14:20:05,283 - ERROR - Migration error: no such table: bookmakers_lookup
2025-09-11 14:20:06,285 - ERROR - Migration error: no such table: bookmakers_lookup
2025-09-11 14:20:07,286 - ERROR - Migration error: no such table: bookmakers_lookup
2025-09-11 14:20:08,287 - ERROR - Migration error: no such table: bookmakers_lookup
2025-09-11 14:20:09,288 - ERROR - Migration error: no such table: bookmakers_lookup
2025-09-11 14:20:10,288 - ERROR - Migration error: no such table: bookmakers_lookup
2025-09-11 14:20:11,289 - ERROR - Migration error: no such table: bookmakers_lookup
2025-09-11 14:20:12,290 - ERROR - Migration error: no such table: bookmakers_lookup
2025-09-11 14:20:13,293 - ERROR - Migration error: no such table: bookmakers_lookup
2025-09-11 14:20:14,294 - ERROR - Migration error: no such table: bookmakers_lookup
2025-09-11 14:20:15,295 - ERROR - Migration error: no such table: bookmakers_lookup
2025-09-11 14:20:16,296 - ERROR - Migration error: no such table: bookmakers_lookup
2025-09-11 14:20:17,298 - ERROR - Migration error: no such table: bookmakers_lookup
2025-09-11 14:20:18,299 - ERROR - Migration error: no such table: bookmakers_lookup
2025-09-11 14:20:19,299 - ERROR - Migration error: no such table: bookmakers_lookup
2025-09-11 14:20:20,299 - ERROR - Migration error: no such table: bookmakers_lookup
2025-09-11 14:20:21,300 - ERROR - Migration error: no such table: bookmakers_lookup
2025-09-11 14:20:22,301 - ERROR - Migration error: no such table: bookmakers_lookup
2025-09-11 14:20:23,302 - ERROR - Migration error: no such table: bookmakers_lookup
2025-09-11 14:20:24,304 - ERROR - Migration error: no such table: bookmakers_lookup
2025-09-11 14:20:25,304 - ERROR - Migration error: no such table: bookmakers_lookup
2025-09-11 14:20:26,305 - ERROR - Migration error: no such table: bookmakers_lookup
2025-09-11 14:20:27,306 - ERROR - Migration error: no such table: bookmakers_lookup
2025-09-11 14:20:28,307 - ERROR - Migration error: no such table: bookmakers_lookup
2025-09-11 14:20:29,309 - ERROR - Migration error: no such table: bookmakers_lookup
2025-09-11 14:20:30,310 - ERROR - Migration error: no such table: bookmakers_lookup
2025-09-11 14:20:31,311 - ERROR - Migration error: no such table: bookmakers_lookup
2025-09-11 14:20:32,312 - ERROR - Migration error: no such table: bookmakers_lookup
2025-09-11 14:20:33,313 - ERROR - Migration error: no such table: bookmakers_lookup
2025-09-11 14:20:34,313 - ERROR - Migration error: no such table: bookmakers_lookup
2025-09-11 14:20:35,314 - ERROR - Migration error: no such table: bookmakers_lookup
2025-09-11 14:20:36,315 - ERROR - Migration error: no such table: bookmakers_lookup
2025-09-11 14:20:37,316 - ERROR - Migration error: no such table: bookmakers_lookup
2025-09-11 14:20:38,317 - ERROR - Migration error: no such table: bookmakers_lookup
2025-09-11 14:20:39,319 - ERROR - Migration error: no such table: bookmakers_lookup
2025-09-11 14:20:40,320 - ERROR - Migration error: no such table: bookmakers_lookup
2025-09-11 14:20:41,321 - ERROR - Migration error: no such table: bookmakers_lookup
2025-09-11 14:20:42,322 - ERROR - Migration error: no such table: bookmakers_lookup
2025-09-11 14:20:43,323 - ERROR - Migration error: no such table: bookmakers_lookup
2025-09-11 14:20:44,324 - ERROR - Migration error: no such table: bookmakers_lookup
2025-09-11 14:20:45,325 - ERROR - Migration error: no such table: bookmakers_lookup
2025-09-11 14:20:46,326 - ERROR - Migration error: no such table: bookmakers_lookup
2025-09-11 14:20:47,327 - ERROR - Migration error: no such table: bookmakers_lookup
2025-09-11 14:20:48,329 - ERROR - Migration error: no such table: bookmakers_lookup
2025-09-11 14:20:49,330 - ERROR - Migration error: no such table: bookmakers_lookup
2025-09-11 14:20:50,331 - ERROR - Migration error: no such table: bookmakers_lookup
2025-09-11 14:20:51,332 - ERROR - Migration error: no such table: bookmakers_lookup
2025-09-11 14:20:52,333 - ERROR - Migration error: no such table: bookmakers_lookup
2025-09-11 14:20:53,334 - ERROR - Migration error: no such table: bookmakers_lookup
2025-09-11 14:20:54,335 - ERROR - Migration error: no such table: bookmakers_lookup
2025-09-11 14:20:55,336 - ERROR - Migration error: no such table: bookmakers_lookup
2025-09-11 14:20:56,337 - ERROR - Migration error: no such table: bookmakers_lookup
2025-09-11 14:20:57,338 - ERROR - Migration error: no such table: bookmakers_lookup
2025-09-11 14:20:58,338 - ERROR - Migration error: no such table: bookmakers_lookup
2025-09-11 14:20:59,339 - ERROR - Migration error: no such table: bookmakers_lookup
2025-09-11 14:21:00,340 - ERROR - Migration error: no such table: bookmakers_lookup
2025-09-11 14:21:01,341 - ERROR - Migration error: no such table: bookmakers_lookup
2025-09-11 14:21:02,342 - ERROR - Migration error: no such table: bookmakers_lookup
2025-09-11 14:21:03,343 - ERROR - Migration error: no such table: bookmakers_lookup
2025-09-11 14:21:04,345 - ERROR - Migration error: no such table: bookmakers_lookup
2025-09-11 14:21:05,346 - ERROR - Migration error: no such table: bookmakers_lookup
2025-09-11 14:21:06,347 - ERROR - Migration error: no such table: bookmakers_lookup
2025-09-11 14:21:07,348 - ERROR - Migration error: no such table: bookmakers_lookup
2025-09-11 14:21:08,349 - ERROR - Migration error: no such table: bookmakers_lookup
2025-09-11 14:21:09,350 - ERROR - Migration error: no such table: bookmakers_lookup
2025-09-11 14:21:10,351 - ERROR - Migration error: no such table: bookmakers_lookup
2025-09-11 14:21:11,353 - ERROR - Migration error: no such table: bookmakers_lookup
2025-09-11 14:21:12,353 - ERROR - Migration error: no such table: bookmakers_lookup
2025-09-11 14:21:13,354 - ERROR - Migration error: no such table: bookmakers_lookup
2025-09-11 14:21:14,355 - ERROR - Migration error: no such table: bookmakers_lookup
2025-09-11 14:21:15,357 - ERROR - Migration error: no such table: bookmakers_lookup
2025-09-11 14:21:16,357 - ERROR - Migration error: no such table: bookmakers_lookup
2025-09-11 14:21:17,358 - ERROR - Migration error: no such table: bookmakers_lookup
2025-09-11 14:21:18,359 - ERROR - Migration error: no such table: bookmakers_lookup
2025-09-11 14:21:19,360 - ERROR - Migration error: no such table: bookmakers_lookup
2025-09-11 14:21:20,361 - ERROR - Migration error: no such table: bookmakers_lookup
2025-09-11 14:21:21,362 - ERROR - Migration error: no such table: bookmakers_lookup
2025-09-11 14:21:22,363 - ERROR - Migration error: no such table: bookmakers_lookup
2025-09-11 14:21:23,364 - ERROR - Migration error: no such table: bookmakers_lookup
2025-09-11 14:21:24,365 - ERROR - Migration error: no such table: bookmakers_lookup
2025-09-11 14:21:25,367 - ERROR - Migration error: no such table: bookmakers_lookup
2025-09-11 14:21:26,368 - ERROR - Migration error: no such table: bookmakers_lookup
2025-09-11 14:21:27,369 - ERROR - Migration error: no such table: bookmakers_lookup
2025-09-11 14:21:28,370 - ERROR - Migration error: no such table: bookmakers_lookup
2025-09-11 14:21:29,372 - ERROR - Migration error: no such table: bookmakers_lookup
2025-09-11 14:21:30,373 - ERROR - Migration error: no such table: bookmakers_lookup
2025-09-11 14:21:31,374 - ERROR - Migration error: no such table: bookmakers_lookup
2025-09-11 14:21:32,375 - ERROR - Migration error: no such table: bookmakers_lookup
2025-09-11 14:21:33,376 - ERROR - Migration error: no such table: bookmakers_lookup
2025-09-11 14:21:34,378 - ERROR - Migration error: no such table: bookmakers_lookup
2025-09-11 14:21:35,379 - ERROR - Migration error: no such table: bookmakers_lookup
2025-09-11 14:21:36,380 - ERROR - Migration error: no such table: bookmakers_lookup
2025-09-11 14:21:37,382 - ERROR - Migration error: no such table: bookmakers_lookup
2025-09-11 14:21:38,383 - ERROR - Migration error: no such table: bookmakers_lookup
2025-09-11 14:21:39,384 - ERROR - Migration error: no such table: bookmakers_lookup
2025-09-11 14:21:40,385 - ERROR - Migration error: no such table: bookmakers_lookup
2025-09-11 14:21:41,386 - ERROR - Migration error: no such table: bookmakers_lookup
2025-09-11 14:21:42,387 - ERROR - Migration error: no such table: bookmakers_lookup
2025-09-11 14:21:43,388 - ERROR - Migration error: no such table: bookmakers_lookup
2025-09-11 14:21:44,389 - ERROR - Migration error: no such table: bookmakers_lookup
2025-09-11 14:21:45,390 - ERROR - Migration error: no such table: bookmakers_lookup
2025-09-11 14:21:46,391 - ERROR - Migration error: no such table: bookmakers_lookup
2025-09-11 14:21:47,392 - ERROR - Migration error: no such table: bookmakers_lookup
2025-09-11 14:21:48,393 - ERROR - Migration error: no such table: bookmakers_lookup
2025-09-11 14:21:49,394 - ERROR - Migration error: no such table: bookmakers_lookup
2025-09-11 14:21:50,395 - ERROR - Migration error: no such table: bookmakers_lookup
2025-09-11 14:21:51,396 - ERROR - Migration error: no such table: bookmakers_lookup
2025-09-11 14:21:52,397 - ERROR - Migration error: no such table: bookmakers_lookup
2025-09-11 14:21:53,398 - ERROR - Migration error: no such table: bookmakers_lookup
2025-09-11 14:21:54,398 - ERROR - Migration error: no such table: bookmakers_lookup
2025-09-11 14:21:55,399 - ERROR - Migration error: no such table: bookmakers_lookup
2025-09-11 14:21:56,399 - ERROR - Migration error: no such table: bookmakers_lookup
2025-09-11 14:21:57,400 - ERROR - Migration error: no such table: bookmakers_lookup
2025-09-11 14:21:58,401 - ERROR - Migration error: no such table: bookmakers_lookup
2025-09-11 14:21:59,402 - ERROR - Migration error: no such table: bookmakers_lookup
2025-09-11 14:22:00,403 - ERROR - Migration error: no such table: bookmakers_lookup
2025-09-11 14:22:01,405 - ERROR - Migration error: no such table: bookmakers_lookup
2025-09-11 14:22:02,406 - ERROR - Migration error: no such table: bookmakers_lookup
2025-09-11 14:22:03,407 - ERROR - Migration error: no such table: bookmakers_lookup
2025-09-11 14:22:04,408 - ERROR - Migration error: no such table: bookmakers_lookup
2025-09-11 14:22:05,409 - ERROR - Migration error: no such table: bookmakers_lookup
2025-09-11 14:22:06,410 - ERROR - Migration error: no such table: bookmakers_lookup
2025-09-11 14:22:07,411 - ERROR - Migration error: no such table: bookmakers_lookup
2025-09-11 14:22:08,412 - ERROR - Migration error: no such table: bookmakers_lookup
2025-09-11 14:22:09,413 - ERROR - Migration error: no such table: bookmakers_lookup
2025-09-11 14:22:10,414 - ERROR - Migration error: no such table: bookmakers_lookup
2025-09-11 14:22:11,416 - ERROR - Migration error: no such table: bookmakers_lookup
2025-09-11 14:22:12,417 - ERROR - Migration error: no such table: bookmakers_lookup
2025-09-11 14:22:13,418 - ERROR - Migration error: no such table: bookmakers_lookup
2025-09-11 14:22:14,419 - ERROR - Migration error: no such table: bookmakers_lookup
2025-09-11 14:22:15,420 - ERROR - Migration error: no such table: bookmakers_lookup
2025-09-11 14:22:16,421 - ERROR - Migration error: no such table: bookmakers_lookup
2025-09-11 14:22:17,422 - ERROR - Migration error: no such table: bookmakers_lookup
2025-09-11 14:22:18,423 - ERROR - Migration error: no such table: bookmakers_lookup
2025-09-11 14:22:19,423 - ERROR - Migration error: no such table: bookmakers_lookup
2025-09-11 14:22:20,424 - ERROR - Migration error: no such table: bookmakers_lookup
2025-09-11 14:22:21,424 - ERROR - Migration error: no such table: bookmakers_lookup
2025-09-11 14:22:22,425 - ERROR - Migration error: no such table: bookmakers_lookup
2025-09-11 14:22:23,425 - ERROR - Migration error: no such table: bookmakers_lookup
2025-09-11 14:22:24,426 - ERROR - Migration error: no such table: bookmakers_lookup
2025-09-11 14:22:25,427 - ERROR - Migration error: no such table: bookmakers_lookup
2025-09-11 14:22:26,429 - ERROR - Migration error: no such table: bookmakers_lookup
2025-09-11 14:22:27,430 - ERROR - Migration error: no such table: bookmakers_lookup
2025-09-11 14:22:28,431 - ERROR - Migration error: no such table: bookmakers_lookup
2025-09-11 14:22:29,431 - ERROR - Migration error: no such table: bookmakers_lookup
2025-09-11 14:22:30,433 - ERROR - Migration error: no such table: bookmakers_lookup
2025-09-11 14:22:31,434 - ERROR - Migration error: no such table: bookmakers_lookup
2025-09-11 14:22:32,436 - ERROR - Migration error: no such table: bookmakers_lookup
2025-09-11 14:22:33,436 - ERROR - Migration error: no such table: bookmakers_lookup
2025-09-11 14:22:34,437 - ERROR - Migration error: no such table: bookmakers_lookup
2025-09-11 14:22:35,438 - ERROR - Migration error: no such table: bookmakers_lookup
2025-09-11 14:22:36,440 - ERROR - Migration error: no such table: bookmakers_lookup
2025-09-11 14:22:37,441 - ERROR - Migration error: no such table: bookmakers_lookup
2025-09-11 14:22:38,441 - ERROR - Migration error: no such table: bookmakers_lookup
2025-09-11 14:22:39,442 - ERROR - Migration error: no such table: bookmakers_lookup
2025-09-11 14:22:40,443 - ERROR - Migration error: no such table: bookmakers_lookup
2025-09-11 14:22:41,444 - ERROR - Migration error: no such table: bookmakers_lookup
2025-09-11 14:22:42,444 - ERROR - Migration error: no such table: bookmakers_lookup
2025-09-11 14:22:43,445 - ERROR - Migration error: no such table: bookmakers_lookup
2025-09-11 14:22:44,446 - ERROR - Migration error: no such table: bookmakers_lookup
2025-09-11 14:22:45,446 - ERROR - Migration error: no such table: bookmakers_lookup
2025-09-11 14:22:46,447 - ERROR - Migration error: no such table: bookmakers_lookup
2025-09-11 14:22:47,448 - ERROR - Migration error: no such table: bookmakers_lookup
2025-09-11 14:22:48,448 - ERROR - Migration error: no such table: bookmakers_lookup
2025-09-11 14:22:49,449 - ERROR - Migration error: no such table: bookmakers_lookup
2025-09-11 14:22:50,450 - ERROR - Migration error: no such table: bookmakers_lookup
2025-09-11 14:22:51,451 - ERROR - Migration error: no such table: bookmakers_lookup
2025-09-11 14:22:52,452 - ERROR - Migration error: no such table: bookmakers_lookup
2025-09-11 14:22:53,453 - ERROR - Migration error: no such table: bookmakers_lookup
2025-09-11 14:22:54,454 - ERROR - Migration error: no such table: bookmakers_lookup
2025-09-11 14:22:55,455 - ERROR - Migration error: no such table: bookmakers_lookup
2025-09-11 14:22:56,457 - ERROR - Migration error: no such table: bookmakers_lookup
2025-09-11 14:22:57,458 - ERROR - Migration error: no such table: bookmakers_lookup
2025-09-11 14:22:58,459 - ERROR - Migration error: no such table: bookmakers_lookup
2025-09-11 14:22:59,460 - ERROR - Migration error: no such table: bookmakers_lookup
2025-09-11 14:23:00,461 - ERROR - Migration error: no such table: bookmakers_lookup
2025-09-11 14:23:01,462 - ERROR - Migration error: no such table: bookmakers_lookup
2025-09-11 14:23:02,464 - ERROR - Migration error: no such table: bookmakers_lookup
2025-09-11 14:23:03,465 - ERROR - Migration error: no such table: bookmakers_lookup
2025-09-11 14:23:04,466 - ERROR - Migration error: no such table: bookmakers_lookup
2025-09-11 14:23:05,467 - ERROR - Migration error: no such table: bookmakers_lookup
2025-09-11 14:23:06,468 - ERROR - Migration error: no such table: bookmakers_lookup
2025-09-11 14:23:07,469 - ERROR - Migration error: no such table: bookmakers_lookup
2025-09-11 14:23:08,470 - ERROR - Migration error: no such table: bookmakers_lookup
2025-09-11 14:23:09,471 - ERROR - Migration error: no such table: bookmakers_lookup
2025-09-11 14:23:10,473 - ERROR - Migration error: no such table: bookmakers_lookup
2025-09-11 14:23:11,474 - ERROR - Migration error: no such table: bookmakers_lookup
2025-09-11 14:23:12,475 - ERROR - Migration error: no such table: bookmakers_lookup
2025-09-11 14:23:13,476 - ERROR - Migration error: no such table: bookmakers_lookup
2025-09-11 14:23:14,477 - ERROR - Migration error: no such table: bookmakers_lookup
2025-09-11 14:23:15,478 - ERROR - Migration error: no such table: bookmakers_lookup
2025-09-11 14:23:16,479 - ERROR - Migration error: no such table: bookmakers_lookup
2025-09-11 14:23:17,480 - ERROR - Migration error: no such table: bookmakers_lookup
2025-09-11 14:23:18,481 - ERROR - Migration error: no such table: bookmakers_lookup
2025-09-11 14:23:19,482 - ERROR - Migration error: no such table: bookmakers_lookup
2025-09-11 14:23:20,483 - ERROR - Migration error: no such table: bookmakers_lookup
2025-09-11 14:23:21,484 - ERROR - Migration error: no such table: bookmakers_lookup
2025-09-11 14:23:22,485 - ERROR - Migration error: no such table: bookmakers_lookup
2025-09-11 14:23:23,486 - ERROR - Migration error: no such table: bookmakers_lookup
2025-09-11 14:23:24,488 - ERROR - Migration error: no such table: bookmakers_lookup
2025-09-11 14:23:25,489 - ERROR - Migration error: no such table: bookmakers_lookup
2025-09-11 14:23:26,490 - ERROR - Migration error: no such table: bookmakers_lookup
2025-09-11 14:23:27,491 - ERROR - Migration error: no such table: bookmakers_lookup
2025-09-11 14:23:28,493 - ERROR - Migration error: no such table: bookmakers_lookup
2025-09-11 14:23:29,494 - ERROR - Migration error: no such table: bookmakers_lookup
2025-09-11 14:23:30,495 - ERROR - Migration error: no such table: bookmakers_lookup
2025-09-11 14:23:31,496 - ERROR - Migration error: no such table: bookmakers_lookup
2025-09-11 14:23:32,498 - ERROR - Migration error: no such table: bookmakers_lookup
2025-09-11 14:23:33,499 - ERROR - Migration error: no such table: bookmakers_lookup
2025-09-11 14:23:34,500 - ERROR - Migration error: no such table: bookmakers_lookup
2025-09-11 14:23:35,502 - ERROR - Migration error: no such table: bookmakers_lookup
2025-09-11 14:23:36,503 - ERROR - Migration error: no such table: bookmakers_lookup
2025-09-11 14:23:37,504 - ERROR - Migration error: no such table: bookmakers_lookup
2025-09-11 14:23:38,505 - ERROR - Migration error: no such table: bookmakers_lookup
2025-09-11 14:23:39,506 - ERROR - Migration error: no such table: bookmakers_lookup
2025-09-11 14:23:40,508 - ERROR - Migration error: no such table: bookmakers_lookup
2025-09-11 14:23:41,508 - ERROR - Migration error: no such table: bookmakers_lookup
2025-09-11 14:23:42,509 - ERROR - Migration error: no such table: bookmakers_lookup
2025-09-11 14:23:43,509 - ERROR - Migration error: no such table: bookmakers_lookup
2025-09-11 14:23:44,510 - ERROR - Migration error: no such table: bookmakers_lookup
2025-09-11 14:23:45,510 - ERROR - Migration error: no such table: bookmakers_lookup
2025-09-11 14:23:46,511 - ERROR - Migration error: no such table: bookmakers_lookup
2025-09-11 14:23:47,512 - ERROR - Migration error: no such table: bookmakers_lookup
2025-09-11 14:23:48,513 - ERROR - Migration error: no such table: bookmakers_lookup
2025-09-11 14:23:49,514 - ERROR - Migration error: no such table: bookmakers_lookup
2025-09-11 14:23:50,515 - ERROR - Migration error: no such table: bookmakers_lookup
2025-09-11 14:23:51,516 - ERROR - Migration error: no such table: bookmakers_lookup
2025-09-11 14:23:52,517 - ERROR - Migration error: no such table: bookmakers_lookup
2025-09-11 14:23:53,518 - ERROR - Migration error: no such table: bookmakers_lookup
2025-09-11 14:23:54,519 - ERROR - Migration error: no such table: bookmakers_lookup
2025-09-11 14:23:55,520 - ERROR - Migration error: no such table: bookmakers_lookup
2025-09-11 14:23:56,521 - ERROR - Migration error: no such table: bookmakers_lookup
2025-09-11 14:23:57,522 - ERROR - Migration error: no such table: bookmakers_lookup
2025-09-11 14:23:58,523 - ERROR - Migration error: no such table: bookmakers_lookup
2025-09-11 14:23:59,524 - ERROR - Migration error: no such table: bookmakers_lookup
2025-09-11 14:24:00,525 - ERROR - Migration error: no such table: bookmakers_lookup
2025-09-11 14:24:01,526 - ERROR - Migration error: no such table: bookmakers_lookup
2025-09-11 14:24:02,527 - ERROR - Migration error: no such table: bookmakers_lookup
2025-09-11 14:24:03,528 - ERROR - Migration error: no such table: bookmakers_lookup
2025-09-11 14:24:04,529 - ERROR - Migration error: no such table: bookmakers_lookup
2025-09-11 14:24:05,531 - ERROR - Migration error: no such table: bookmakers_lookup
2025-09-11 14:24:06,531 - ERROR - Migration error: no such table: bookmakers_lookup
2025-09-11 14:24:07,533 - ERROR - Migration error: no such table: bookmakers_lookup
2025-09-11 14:24:08,534 - ERROR - Migration error: no such table: bookmakers_lookup
2025-09-11 14:24:09,535 - ERROR - Migration error: no such table: bookmakers_lookup
2025-09-11 14:24:10,536 - ERROR - Migration error: no such table: bookmakers_lookup
2025-09-11 14:24:11,537 - ERROR - Migration error: no such table: bookmakers_lookup
2025-09-11 14:24:12,538 - ERROR - Migration error: no such table: bookmakers_lookup
2025-09-11 14:24:13,539 - ERROR - Migration error: no such table: bookmakers_lookup
2025-09-11 14:24:14,540 - ERROR - Migration error: no such table: bookmakers_lookup
2025-09-11 14:24:15,542 - ERROR - Migration error: no such table: bookmakers_lookup
2025-09-11 14:24:16,543 - ERROR - Migration error: no such table: bookmakers_lookup
2025-09-11 14:24:17,544 - ERROR - Migration error: no such table: bookmakers_lookup
2025-09-11 14:24:18,545 - ERROR - Migration error: no such table: bookmakers_lookup
2025-09-11 14:24:19,546 - ERROR - Migration error: no such table: bookmakers_lookup
2025-09-11 14:24:20,547 - ERROR - Migration error: no such table: bookmakers_lookup
2025-09-11 14:24:21,549 - ERROR - Migration error: no such table: bookmakers_lookup
2025-09-11 14:24:22,550 - ERROR - Migration error: no such table: bookmakers_lookup
2025-09-11 14:24:23,551 - ERROR - Migration error: no such table: bookmakers_lookup
2025-09-11 14:24:24,553 - ERROR - Migration error: no such table: bookmakers_lookup
2025-09-11 14:24:25,554 - ERROR - Migration error: no such table: bookmakers_lookup
2025-09-11 14:24:26,555 - ERROR - Migration error: no such table: bookmakers_lookup
2025-09-11 14:24:27,557 - ERROR - Migration error: no such table: bookmakers_lookup
2025-09-11 14:24:28,558 - ERROR - Migration error: no such table: bookmakers_lookup
2025-09-11 14:24:29,559 - ERROR - Migration error: no such table: bookmakers_lookup
2025-09-11 14:24:30,560 - ERROR - Migration error: no such table: bookmakers_lookup
2025-09-11 14:24:31,561 - ERROR - Migration error: no such table: bookmakers_lookup
2025-09-11 14:24:32,562 - ERROR - Migration error: no such table: bookmakers_lookup
2025-09-11 14:24:33,563 - ERROR - Migration error: no such table: bookmakers_lookup
2025-09-11 14:24:34,564 - ERROR - Migration error: no such table: bookmakers_lookup
2025-09-11 14:24:35,565 - ERROR - Migration error: no such table: bookmakers_lookup
2025-09-11 14:24:36,566 - ERROR - Migration error: no such table: bookmakers_lookup
2025-09-11 14:24:37,567 - ERROR - Migration error: no such table: bookmakers_lookup
2025-09-11 14:24:38,569 - ERROR - Migration error: no such table: bookmakers_lookup
2025-09-11 14:24:39,570 - ERROR - Migration error: no such table: bookmakers_lookup
2025-09-11 14:24:40,571 - ERROR - Migration error: no such table: bookmakers_lookup
2025-09-11 14:24:41,572 - ERROR - Migration error: no such table: bookmakers_lookup
2025-09-11 14:24:42,573 - ERROR - Migration error: no such table: bookmakers_lookup
2025-09-11 14:24:43,574 - ERROR - Migration error: no such table: bookmakers_lookup
2025-09-11 14:24:44,575 - ERROR - Migration error: no such table: bookmakers_lookup
2025-09-11 14:24:45,576 - ERROR - Migration error: no such table: bookmakers_lookup
2025-09-11 14:24:46,577 - ERROR - Migration error: no such table: bookmakers_lookup
2025-09-11 14:24:47,579 - ERROR - Migration error: no such table: bookmakers_lookup
2025-09-11 14:24:48,580 - ERROR - Migration error: no such table: bookmakers_lookup
2025-09-11 14:24:49,581 - ERROR - Migration error: no such table: bookmakers_lookup
2025-09-11 14:24:50,582 - ERROR - Migration error: no such table: bookmakers_lookup
2025-09-11 14:24:51,583 - ERROR - Migration error: no such table: bookmakers_lookup
2025-09-11 14:24:52,584 - ERROR - Migration error: no such table: bookmakers_lookup
2025-09-11 14:24:53,585 - ERROR - Migration error: no such table: bookmakers_lookup
2025-09-11 14:24:54,586 - ERROR - Migration error: no such table: bookmakers_lookup
2025-09-11 14:24:55,588 - ERROR - Migration error: no such table: bookmakers_lookup
2025-09-11 14:24:56,589 - ERROR - Migration error: no such table: bookmakers_lookup
2025-09-11 14:24:57,590 - ERROR - Migration error: no such table: bookmakers_lookup
2025-09-11 14:24:58,591 - ERROR - Migration error: no such table: bookmakers_lookup
2025-09-11 14:24:59,593 - ERROR - Migration error: no such table: bookmakers_lookup
2025-09-11 14:25:00,594 - ERROR - Migration error: no such table: bookmakers_lookup
2025-09-11 14:25:01,595 - ERROR - Migration error: no such table: bookmakers_lookup
2025-09-11 14:25:02,596 - ERROR - Migration error: no such table: bookmakers_lookup
2025-09-11 14:25:03,597 - ERROR - Migration error: no such table: bookmakers_lookup
2025-09-11 14:25:04,599 - ERROR - Migration error: no such table: bookmakers_lookup
2025-09-11 14:25:05,600 - ERROR - Migration error: no such table: bookmakers_lookup
2025-09-11 14:25:06,601 - ERROR - Migration error: no such table: bookmakers_lookup
2025-09-11 14:25:07,602 - ERROR - Migration error: no such table: bookmakers_lookup
2025-09-11 14:25:08,604 - ERROR - Migration error: no such table: bookmakers_lookup
2025-09-11 14:25:09,605 - ERROR - Migration error: no such table: bookmakers_lookup
2025-09-11 14:25:10,606 - ERROR - Migration error: no such table: bookmakers_lookup
2025-09-11 14:25:11,607 - ERROR - Migration error: no such table: bookmakers_lookup
2025-09-11 14:25:12,608 - ERROR - Migration error: no such table: bookmakers_lookup
2025-09-11 14:25:13,609 - ERROR - Migration error: no such table: bookmakers_lookup
2025-09-11 14:25:14,610 - ERROR - Migration error: no such table: bookmakers_lookup
2025-09-11 14:25:15,612 - ERROR - Migration error: no such table: bookmakers_lookup
2025-09-11 14:25:16,613 - ERROR - Migration error: no such table: bookmakers_lookup
2025-09-11 14:25:17,614 - ERROR - Migration error: no such table: bookmakers_lookup
2025-09-11 14:25:18,615 - ERROR - Migration error: no such table: bookmakers_lookup
2025-09-11 14:25:19,616 - ERROR - Migration error: no such table: bookmakers_lookup
2025-09-11 14:25:20,618 - ERROR - Migration error: no such table: bookmakers_lookup
2025-09-11 14:25:21,619 - ERROR - Migration error: no such table: bookmakers_lookup
2025-09-11 14:25:22,620 - ERROR - Migration error: no such table: bookmakers_lookup
2025-09-11 14:25:23,621 - ERROR - Migration error: no such table: bookmakers_lookup
2025-09-11 14:25:24,621 - ERROR - Migration error: no such table: bookmakers_lookup
2025-09-11 14:25:25,622 - ERROR - Migration error: no such table: bookmakers_lookup
2025-09-11 14:25:26,623 - ERROR - Migration error: no such table: bookmakers_lookup
2025-09-11 14:25:27,625 - ERROR - Migration error: no such table: bookmakers_lookup
2025-09-11 14:25:28,626 - ERROR - Migration error: no such table: bookmakers_lookup
2025-09-11 14:25:29,627 - ERROR - Migration error: no such table: bookmakers_lookup
2025-09-11 14:25:30,629 - ERROR - Migration error: no such table: bookmakers_lookup
2025-09-11 14:25:31,630 - ERROR - Migration error: no such table: bookmakers_lookup
2025-09-11 14:25:32,631 - ERROR - Migration error: no such table: bookmakers_lookup
2025-09-11 14:25:33,632 - ERROR - Migration error: no such table: bookmakers_lookup
2025-09-11 14:25:34,633 - ERROR - Migration error: no such table: bookmakers_lookup
2025-09-11 14:25:35,634 - ERROR - Migration error: no such table: bookmakers_lookup
2025-09-11 14:25:36,635 - ERROR - Migration error: no such table: bookmakers_lookup
2025-09-11 14:25:37,636 - ERROR - Migration error: no such table: bookmakers_lookup
2025-09-11 14:25:38,637 - ERROR - Migration error: no such table: bookmakers_lookup
2025-09-11 14:25:39,638 - ERROR - Migration error: no such table: bookmakers_lookup
2025-09-11 14:25:40,640 - ERROR - Migration error: no such table: bookmakers_lookup
2025-09-11 14:25:41,641 - ERROR - Migration error: no such table: bookmakers_lookup
2025-09-11 14:25:42,642 - ERROR - Migration error: no such table: bookmakers_lookup
2025-09-11 14:25:43,643 - ERROR - Migration error: no such table: bookmakers_lookup
2025-09-11 14:25:44,644 - ERROR - Migration error: no such table: bookmakers_lookup
2025-09-11 14:25:45,645 - ERROR - Migration error: no such table: bookmakers_lookup
2025-09-11 14:25:46,646 - ERROR - Migration error: no such table: bookmakers_lookup
2025-09-11 14:25:47,647 - ERROR - Migration error: no such table: bookmakers_lookup
2025-09-11 14:25:48,647 - ERROR - Migration error: no such table: bookmakers_lookup
2025-09-11 14:25:49,648 - ERROR - Migration error: no such table: bookmakers_lookup
2025-09-11 14:25:50,648 - ERROR - Migration error: no such table: bookmakers_lookup
2025-09-11 14:25:51,649 - ERROR - Migration error: no such table: bookmakers_lookup
2025-09-11 14:25:52,650 - ERROR - Migration error: no such table: bookmakers_lookup
2025-09-11 14:25:53,651 - ERROR - Migration error: no such table: bookmakers_lookup
2025-09-11 14:25:54,652 - ERROR - Migration error: no such table: bookmakers_lookup
2025-09-11 14:25:55,653 - ERROR - Migration error: no such table: bookmakers_lookup
2025-09-11 14:25:56,655 - ERROR - Migration error: no such table: bookmakers_lookup
2025-09-11 14:25:57,655 - ERROR - Migration error: no such table: bookmakers_lookup
2025-09-11 14:25:58,656 - ERROR - Migration error: no such table: bookmakers_lookup
2025-09-11 14:25:59,657 - ERROR - Migration error: no such table: bookmakers_lookup
2025-09-11 14:26:00,658 - ERROR - Migration error: no such table: bookmakers_lookup
2025-09-11 14:26:01,658 - ERROR - Migration error: no such table: bookmakers_lookup
2025-09-11 14:26:02,659 - ERROR - Migration error: no such table: bookmakers_lookup
2025-09-11 14:26:03,660 - ERROR - Migration error: no such table: bookmakers_lookup
2025-09-11 14:26:04,661 - ERROR - Migration error: no such table: bookmakers_lookup
2025-09-11 14:26:05,662 - ERROR - Migration error: no such table: bookmakers_lookup
2025-09-11 14:26:06,663 - ERROR - Migration error: no such table: bookmakers_lookup
2025-09-11 14:26:07,664 - ERROR - Migration error: no such table: bookmakers_lookup
2025-09-11 14:26:08,665 - ERROR - Migration error: no such table: bookmakers_lookup
2025-09-11 14:26:09,665 - ERROR - Migration error: no such table: bookmakers_lookup
2025-09-11 14:26:10,666 - ERROR - Migration error: no such table: bookmakers_lookup
2025-09-11 14:26:11,667 - ERROR - Migration error: no such table: bookmakers_lookup
2025-09-11 14:26:12,669 - ERROR - Migration error: no such table: bookmakers_lookup
2025-09-11 14:26:13,670 - ERROR - Migration error: no such table: bookmakers_lookup
2025-09-11 14:26:14,671 - ERROR - Migration error: no such table: bookmakers_lookup
2025-09-11 14:26:15,672 - ERROR - Migration error: no such table: bookmakers_lookup
2025-09-11 14:26:16,673 - ERROR - Migration error: no such table: bookmakers_lookup
2025-09-11 14:26:17,674 - ERROR - Migration error: no such table: bookmakers_lookup
2025-09-11 14:26:18,675 - ERROR - Migration error: no such table: bookmakers_lookup
2025-09-11 14:26:19,676 - ERROR - Migration error: no such table: bookmakers_lookup
2025-09-11 14:26:20,677 - ERROR - Migration error: no such table: bookmakers_lookup
2025-09-11 14:26:21,678 - ERROR - Migration error: no such table: bookmakers_lookup
2025-09-11 14:26:22,680 - ERROR - Migration error: no such table: bookmakers_lookup
2025-09-11 14:26:23,681 - ERROR - Migration error: no such table: bookmakers_lookup
2025-09-11 14:26:24,682 - ERROR - Migration error: no such table: bookmakers_lookup
2025-09-11 14:26:25,683 - ERROR - Migration error: no such table: bookmakers_lookup
2025-09-11 14:26:26,683 - ERROR - Migration error: no such table: bookmakers_lookup
2025-09-11 14:26:27,684 - ERROR - Migration error: no such table: bookmakers_lookup
2025-09-11 14:26:28,685 - ERROR - Migration error: no such table: bookmakers_lookup
2025-09-11 14:26:29,686 - ERROR - Migration error: no such table: bookmakers_lookup
2025-09-11 14:26:30,687 - ERROR - Migration error: no such table: bookmakers_lookup
2025-09-11 14:26:31,688 - ERROR - Migration error: no such table: bookmakers_lookup
2025-09-11 14:26:32,689 - ERROR - Migration error: no such table: bookmakers_lookup
2025-09-11 14:26:33,690 - ERROR - Migration error: no such table: bookmakers_lookup
2025-09-11 14:26:34,691 - ERROR - Migration error: no such table: bookmakers_lookup
2025-09-11 14:26:35,692 - ERROR - Migration error: no such table: bookmakers_lookup
2025-09-11 14:26:36,693 - ERROR - Migration error: no such table: bookmakers_lookup
2025-09-11 14:26:37,694 - ERROR - Migration error: no such table: bookmakers_lookup
2025-09-11 14:26:38,695 - ERROR - Migration error: no such table: bookmakers_lookup
2025-09-11 14:26:39,696 - ERROR - Migration error: no such table: bookmakers_lookup
2025-09-11 14:26:40,697 - ERROR - Migration error: no such table: bookmakers_lookup
2025-09-11 14:26:41,698 - ERROR - Migration error: no such table: bookmakers_lookup
2025-09-11 14:26:42,699 - ERROR - Migration error: no such table: bookmakers_lookup
2025-09-11 14:26:43,700 - ERROR - Migration error: no such table: bookmakers_lookup
2025-09-11 14:26:44,702 - ERROR - Migration error: no such table: bookmakers_lookup
2025-09-11 14:26:45,703 - ERROR - Migration error: no such table: bookmakers_lookup
2025-09-11 14:26:46,704 - ERROR - Migration error: no such table: bookmakers_lookup
2025-09-11 14:26:47,705 - ERROR - Migration error: no such table: bookmakers_lookup
2025-09-11 14:26:48,706 - ERROR - Migration error: no such table: bookmakers_lookup
2025-09-11 14:26:49,707 - ERROR - Migration error: no such table: bookmakers_lookup
2025-09-11 14:26:50,709 - ERROR - Migration error: no such table: bookmakers_lookup
2025-09-11 14:26:51,709 - ERROR - Migration error: no such table: bookmakers_lookup
2025-09-11 14:26:52,710 - ERROR - Migration error: no such table: bookmakers_lookup
2025-09-11 14:26:53,712 - ERROR - Migration error: no such table: bookmakers_lookup
2025-09-11 14:26:54,713 - ERROR - Migration error: no such table: bookmakers_lookup
2025-09-11 14:26:55,714 - ERROR - Migration error: no such table: bookmakers_lookup
2025-09-11 14:26:56,716 - ERROR - Migration error: no such table: bookmakers_lookup
2025-09-11 14:26:57,717 - ERROR - Migration error: no such table: bookmakers_lookup
2025-09-11 14:26:58,718 - ERROR - Migration error: no such table: bookmakers_lookup
2025-09-11 14:26:59,719 - ERROR - Migration error: no such table: bookmakers_lookup
2025-09-11 14:27:00,720 - ERROR - Migration error: no such table: bookmakers_lookup
2025-09-11 14:27:01,721 - ERROR - Migration error: no such table: bookmakers_lookup
2025-09-11 14:27:02,722 - ERROR - Migration error: no such table: bookmakers_lookup
2025-09-11 14:27:03,723 - ERROR - Migration error: no such table: bookmakers_lookup
2025-09-11 14:27:04,724 - ERROR - Migration error: no such table: bookmakers_lookup
2025-09-11 14:27:05,726 - ERROR - Migration error: no such table: bookmakers_lookup
2025-09-11 14:27:06,727 - ERROR - Migration error: no such table: bookmakers_lookup
2025-09-11 14:27:07,727 - ERROR - Migration error: no such table: bookmakers_lookup
2025-09-11 14:27:08,728 - ERROR - Migration error: no such table: bookmakers_lookup
2025-09-11 14:27:09,729 - ERROR - Migration error: no such table: bookmakers_lookup
2025-09-11 14:27:10,731 - ERROR - Migration error: no such table: bookmakers_lookup
2025-09-11 14:27:11,732 - ERROR - Migration error: no such table: bookmakers_lookup
2025-09-11 14:27:12,733 - ERROR - Migration error: no such table: bookmakers_lookup
2025-09-11 14:27:13,734 - ERROR - Migration error: no such table: bookmakers_lookup
2025-09-11 14:27:14,735 - ERROR - Migration error: no such table: bookmakers_lookup
2025-09-11 14:27:15,736 - ERROR - Migration error: no such table: bookmakers_lookup
2025-09-11 14:27:16,737 - ERROR - Migration error: no such table: bookmakers_lookup
2025-09-11 14:27:17,738 - ERROR - Migration error: no such table: bookmakers_lookup
2025-09-11 14:27:18,739 - ERROR - Migration error: no such table: bookmakers_lookup
2025-09-11 14:27:19,740 - ERROR - Migration error: no such table: bookmakers_lookup
2025-09-11 14:27:20,741 - ERROR - Migration error: no such table: bookmakers_lookup
2025-09-11 14:27:21,742 - ERROR - Migration error: no such table: bookmakers_lookup
2025-09-11 14:27:22,742 - ERROR - Migration error: no such table: bookmakers_lookup
2025-09-11 14:27:23,742 - ERROR - Migration error: no such table: bookmakers_lookup
2025-09-11 14:27:24,743 - ERROR - Migration error: no such table: bookmakers_lookup
2025-09-11 14:27:25,743 - ERROR - Migration error: no such table: bookmakers_lookup
2025-09-11 14:27:26,744 - ERROR - Migration error: no such table: bookmakers_lookup
2025-09-11 14:27:27,745 - ERROR - Migration error: no such table: bookmakers_lookup
2025-09-11 14:27:28,746 - ERROR - Migration error: no such table: bookmakers_lookup
2025-09-11 14:27:29,747 - ERROR - Migration error: no such table: bookmakers_lookup
2025-09-11 14:27:30,749 - ERROR - Migration error: no such table: bookmakers_lookup
2025-09-11 14:27:31,750 - ERROR - Migration error: no such table: bookmakers_lookup
2025-09-11 14:27:32,751 - ERROR - Migration error: no such table: bookmakers_lookup
2025-09-11 14:27:33,751 - ERROR - Migration error: no such table: bookmakers_lookup
2025-09-11 14:27:34,752 - ERROR - Migration error: no such table: bookmakers_lookup
2025-09-11 14:27:35,753 - ERROR - Migration error: no such table: bookmakers_lookup
2025-09-11 14:27:36,754 - ERROR - Migration error: no such table: bookmakers_lookup
2025-09-11 14:27:37,755 - ERROR - Migration error: no such table: bookmakers_lookup
2025-09-11 14:27:38,756 - ERROR - Migration error: no such table: bookmakers_lookup
2025-09-11 14:27:39,757 - ERROR - Migration error: no such table: bookmakers_lookup
2025-09-11 14:27:40,758 - ERROR - Migration error: no such table: bookmakers_lookup
2025-09-11 14:27:41,759 - ERROR - Migration error: no such table: bookmakers_lookup
2025-09-11 14:27:42,760 - ERROR - Migration error: no such table: bookmakers_lookup
2025-09-11 14:27:43,760 - ERROR - Migration error: no such table: bookmakers_lookup
2025-09-11 14:27:44,761 - ERROR - Migration error: no such table: bookmakers_lookup
2025-09-11 14:27:45,761 - ERROR - Migration error: no such table: bookmakers_lookup
2025-09-11 14:27:46,761 - ERROR - Migration error: no such table: bookmakers_lookup
2025-09-11 14:27:47,762 - ERROR - Migration error: no such table: bookmakers_lookup
2025-09-11 14:27:48,762 - ERROR - Migration error: no such table: bookmakers_lookup
2025-09-11 14:27:49,763 - ERROR - Migration error: no such table: bookmakers_lookup
2025-09-11 14:27:50,763 - ERROR - Migration error: no such table: bookmakers_lookup
2025-09-11 14:27:51,764 - ERROR - Migration error: no such table: bookmakers_lookup
2025-09-11 14:27:52,765 - ERROR - Migration error: no such table: bookmakers_lookup
2025-09-11 14:27:53,766 - ERROR - Migration error: no such table: bookmakers_lookup
2025-09-11 14:27:54,767 - ERROR - Migration error: no such table: bookmakers_lookup
2025-09-11 14:27:55,767 - ERROR - Migration error: no such table: bookmakers_lookup
2025-09-11 14:27:56,768 - ERROR - Migration error: no such table: bookmakers_lookup
2025-09-11 14:27:57,768 - ERROR - Migration error: no such table: bookmakers_lookup
2025-09-11 14:27:58,769 - ERROR - Migration error: no such table: bookmakers_lookup
2025-09-11 14:27:59,770 - ERROR - Migration error: no such table: bookmakers_lookup
2025-09-11 14:28:00,771 - ERROR - Migration error: no such table: bookmakers_lookup
2025-09-11 14:28:01,772 - ERROR - Migration error: no such table: bookmakers_lookup
2025-09-11 14:28:02,773 - ERROR - Migration error: no such table: bookmakers_lookup
2025-09-11 14:28:03,774 - ERROR - Migration error: no such table: bookmakers_lookup
2025-09-11 14:28:04,775 - ERROR - Migration error: no such table: bookmakers_lookup
2025-09-11 14:28:05,776 - ERROR - Migration error: no such table: bookmakers_lookup
2025-09-11 14:28:06,777 - ERROR - Migration error: no such table: bookmakers_lookup
2025-09-11 14:28:07,778 - ERROR - Migration error: no such table: bookmakers_lookup
2025-09-11 14:28:08,779 - ERROR - Migration error: no such table: bookmakers_lookup
2025-09-11 14:28:09,780 - ERROR - Migration error: no such table: bookmakers_lookup
2025-09-11 14:28:10,781 - ERROR - Migration error: no such table: bookmakers_lookup
2025-09-11 14:28:11,782 - ERROR - Migration error: no such table: bookmakers_lookup
2025-09-11 14:28:12,784 - ERROR - Migration error: no such table: bookmakers_lookup
2025-09-11 14:28:13,785 - ERROR - Migration error: no such table: bookmakers_lookup
2025-09-11 14:28:14,786 - ERROR - Migration error: no such table: bookmakers_lookup
2025-09-11 14:28:15,787 - ERROR - Migration error: no such table: bookmakers_lookup
2025-09-11 14:28:16,788 - ERROR - Migration error: no such table: bookmakers_lookup
2025-09-11 14:28:17,789 - ERROR - Migration error: no such table: bookmakers_lookup
2025-09-11 14:28:18,790 - ERROR - Migration error: no such table: bookmakers_lookup
2025-09-11 14:28:19,791 - ERROR - Migration error: no such table: bookmakers_lookup
2025-09-11 14:28:20,792 - ERROR - Migration error: no such table: bookmakers_lookup
2025-09-11 14:28:21,792 - ERROR - Migration error: no such table: bookmakers_lookup
2025-09-11 14:28:22,793 - ERROR - Migration error: no such table: bookmakers_lookup
2025-09-11 14:28:23,795 - ERROR - Migration error: no such table: bookmakers_lookup
2025-09-11 14:28:24,796 - ERROR - Migration error: no such table: bookmakers_lookup
2025-09-11 14:28:25,797 - ERROR - Migration error: no such table: bookmakers_lookup
2025-09-11 14:28:26,797 - ERROR - Migration error: no such table: bookmakers_lookup
2025-09-11 14:28:27,798 - ERROR - Migration error: no such table: bookmakers_lookup
2025-09-11 14:28:28,799 - ERROR - Migration error: no such table: bookmakers_lookup
2025-09-11 14:28:29,800 - ERROR - Migration error: no such table: bookmakers_lookup
2025-09-11 14:28:30,802 - ERROR - Migration error: no such table: bookmakers_lookup
2025-09-11 14:28:31,803 - ERROR - Migration error: no such table: bookmakers_lookup
2025-09-11 14:28:32,804 - ERROR - Migration error: no such table: bookmakers_lookup
2025-09-11 14:28:33,805 - ERROR - Migration error: no such table: bookmakers_lookup
2025-09-11 14:28:34,806 - ERROR - Migration error: no such table: bookmakers_lookup
2025-09-11 14:28:35,807 - ERROR - Migration error: no such table: bookmakers_lookup
2025-09-11 14:28:36,808 - ERROR - Migration error: no such table: bookmakers_lookup
2025-09-11 14:28:37,809 - ERROR - Migration error: no such table: bookmakers_lookup
2025-09-11 14:28:38,810 - ERROR - Migration error: no such table: bookmakers_lookup
2025-09-11 14:28:39,811 - ERROR - Migration error: no such table: bookmakers_lookup
2025-09-11 14:28:40,812 - ERROR - Migration error: no such table: bookmakers_lookup
2025-09-11 14:28:41,813 - ERROR - Migration error: no such table: bookmakers_lookup
2025-09-11 14:28:42,813 - ERROR - Migration error: no such table: bookmakers_lookup
2025-09-11 14:28:43,814 - ERROR - Migration error: no such table: bookmakers_lookup
2025-09-11 14:28:44,814 - ERROR - Migration error: no such table: bookmakers_lookup
2025-09-11 14:28:45,814 - ERROR - Migration error: no such table: bookmakers_lookup
2025-09-11 14:28:46,815 - ERROR - Migration error: no such table: bookmakers_lookup
2025-09-11 14:28:47,817 - ERROR - Migration error: no such table: bookmakers_lookup
2025-09-11 14:28:48,818 - ERROR - Migration error: no such table: bookmakers_lookup
2025-09-11 14:28:49,819 - ERROR - Migration error: no such table: bookmakers_lookup
2025-09-11 14:28:50,820 - ERROR - Migration error: no such table: bookmakers_lookup
2025-09-11 14:28:51,821 - ERROR - Migration error: no such table: bookmakers_lookup
2025-09-11 14:28:52,822 - ERROR - Migration error: no such table: bookmakers_lookup
2025-09-11 14:28:53,823 - ERROR - Migration error: no such table: bookmakers_lookup
2025-09-11 14:28:54,824 - ERROR - Migration error: no such table: bookmakers_lookup
2025-09-11 14:28:55,826 - ERROR - Migration error: no such table: bookmakers_lookup
2025-09-11 14:28:56,827 - ERROR - Migration error: no such table: bookmakers_lookup
2025-09-11 14:28:57,828 - ERROR - Migration error: no such table: bookmakers_lookup
2025-09-11 14:28:58,829 - ERROR - Migration error: no such table: bookmakers_lookup
2025-09-11 14:28:59,830 - ERROR - Migration error: no such table: bookmakers_lookup
2025-09-11 14:29:00,831 - ERROR - Migration error: no such table: bookmakers_lookup
2025-09-11 14:29:01,832 - ERROR - Migration error: no such table: bookmakers_lookup
2025-09-11 14:29:02,834 - ERROR - Migration error: no such table: bookmakers_lookup
2025-09-11 14:29:03,834 - ERROR - Migration error: no such table: bookmakers_lookup
2025-09-11 14:29:04,835 - ERROR - Migration error: no such table: bookmakers_lookup
2025-09-11 14:29:05,836 - ERROR - Migration error: no such table: bookmakers_lookup
2025-09-11 14:29:06,838 - ERROR - Migration error: no such table: bookmakers_lookup
2025-09-11 14:29:07,839 - ERROR - Migration error: no such table: bookmakers_lookup
2025-09-11 14:29:08,839 - ERROR - Migration error: no such table: bookmakers_lookup
2025-09-11 14:29:09,840 - ERROR - Migration error: no such table: bookmakers_lookup
2025-09-11 14:29:10,841 - ERROR - Migration error: no such table: bookmakers_lookup
2025-09-11 14:29:11,843 - ERROR - Migration error: no such table: bookmakers_lookup
2025-09-11 14:29:12,844 - ERROR - Migration error: no such table: bookmakers_lookup
2025-09-11 14:29:13,845 - ERROR - Migration error: no such table: bookmakers_lookup
2025-09-11 14:29:14,847 - ERROR - Migration error: no such table: bookmakers_lookup
2025-09-11 14:29:15,848 - ERROR - Migration error: no such table: bookmakers_lookup
2025-09-11 14:29:16,849 - ERROR - Migration error: no such table: bookmakers_lookup
2025-09-11 14:29:17,850 - ERROR - Migration error: no such table: bookmakers_lookup
2025-09-11 14:29:18,852 - ERROR - Migration error: no such table: bookmakers_lookup
2025-09-11 14:29:19,853 - ERROR - Migration error: no such table: bookmakers_lookup
2025-09-11 14:29:20,854 - ERROR - Migration error: no such table: bookmakers_lookup
2025-09-11 14:29:21,855 - ERROR - Migration error: no such table: bookmakers_lookup
2025-09-11 14:29:22,856 - ERROR - Migration error: no such table: bookmakers_lookup
2025-09-11 14:29:23,857 - ERROR - Migration error: no such table: bookmakers_lookup
2025-09-11 14:29:24,857 - ERROR - Migration error: no such table: bookmakers_lookup
2025-09-11 14:29:25,858 - ERROR - Migration error: no such table: bookmakers_lookup
2025-09-11 14:29:26,859 - ERROR - Migration error: no such table: bookmakers_lookup
2025-09-11 14:29:27,860 - ERROR - Migration error: no such table: bookmakers_lookup
2025-09-11 14:29:28,861 - ERROR - Migration error: no such table: bookmakers_lookup
2025-09-11 14:29:29,862 - ERROR - Migration error: no such table: bookmakers_lookup
2025-09-11 14:29:30,863 - ERROR - Migration error: no such table: bookmakers_lookup
2025-09-11 14:29:31,864 - ERROR - Migration error: no such table: bookmakers_lookup
2025-09-11 14:29:32,865 - ERROR - Migration error: no such table: bookmakers_lookup
2025-09-11 14:29:33,866 - ERROR - Migration error: no such table: bookmakers_lookup
2025-09-11 14:29:34,867 - ERROR - Migration error: no such table: bookmakers_lookup
2025-09-11 14:29:35,868 - ERROR - Migration error: no such table: bookmakers_lookup
2025-09-11 14:29:36,869 - ERROR - Migration error: no such table: bookmakers_lookup
2025-09-11 14:29:37,870 - ERROR - Migration error: no such table: bookmakers_lookup
2025-09-11 14:29:38,871 - ERROR - Migration error: no such table: bookmakers_lookup
2025-09-11 14:29:39,872 - ERROR - Migration error: no such table: bookmakers_lookup
2025-09-11 14:29:40,873 - ERROR - Migration error: no such table: bookmakers_lookup
2025-09-11 14:29:41,874 - ERROR - Migration error: no such table: bookmakers_lookup
2025-09-11 14:29:42,874 - ERROR - Migration error: no such table: bookmakers_lookup
2025-09-11 14:29:43,875 - ERROR - Migration error: no such table: bookmakers_lookup
2025-09-11 14:29:44,877 - ERROR - Migration error: no such table: bookmakers_lookup
2025-09-11 14:29:45,878 - ERROR - Migration error: no such table: bookmakers_lookup
2025-09-11 14:29:46,879 - ERROR - Migration error: no such table: bookmakers_lookup
2025-09-11 14:29:47,880 - ERROR - Migration error: no such table: bookmakers_lookup
2025-09-11 14:29:48,881 - ERROR - Migration error: no such table: bookmakers_lookup
2025-09-11 14:29:49,882 - ERROR - Migration error: no such table: bookmakers_lookup
2025-09-11 14:29:50,883 - ERROR - Migration error: no such table: bookmakers_lookup
2025-09-11 14:29:51,884 - ERROR - Migration error: no such table: bookmakers_lookup
2025-09-11 14:29:52,885 - ERROR - Migration error: no such table: bookmakers_lookup
2025-09-11 14:29:53,886 - ERROR - Migration error: no such table: bookmakers_lookup
2025-09-11 14:29:54,887 - ERROR - Migration error: no such table: bookmakers_lookup
2025-09-11 14:29:55,888 - ERROR - Migration error: no such table: bookmakers_lookup
2025-09-11 14:29:56,889 - ERROR - Migration error: no such table: bookmakers_lookup
2025-09-11 14:29:57,890 - ERROR - Migration error: no such table: bookmakers_lookup
2025-09-11 14:29:58,891 - ERROR - Migration error: no such table: bookmakers_lookup
2025-09-11 14:29:59,892 - ERROR - Migration error: no such table: bookmakers_lookup
2025-09-11 14:30:00,893 - ERROR - Migration error: no such table: bookmakers_lookup
2025-09-11 14:30:01,894 - ERROR - Migration error: no such table: bookmakers_lookup
2025-09-11 14:30:02,895 - ERROR - Migration error: no such table: bookmakers_lookup
2025-09-11 14:30:03,896 - ERROR - Migration error: no such table: bookmakers_lookup
2025-09-11 14:30:04,896 - ERROR - Migration error: no such table: bookmakers_lookup
2025-09-11 14:30:05,897 - ERROR - Migration error: no such table: bookmakers_lookup
2025-09-11 14:30:06,899 - ERROR - Migration error: no such table: bookmakers_lookup
2025-09-11 14:30:07,900 - ERROR - Migration error: no such table: bookmakers_lookup
2025-09-11 14:30:08,901 - ERROR - Migration error: no such table: bookmakers_lookup
2025-09-11 14:30:09,593 - INFO - Received shutdown signal, saving state...
2025-09-11 14:30:09,593 - INFO - Checkpoint saved at rowid 0
